account_id,account_name,industry,region,plan_type,cloud_provider,start_date
A0001,Company_1,IoT,LATAM,Standard,AWS,2025-01-22
A0002,Company_2,Gaming,US-East,Standard,Azure,2024-10-18
A0003,Company_3,SaaS,LATAM,Standard,AWS,2025-01-04
A0004,Company_4,IoT,LATAM,Enterprise,AWS,2024-10-31
A0005,Company_5,Healthcare,EMEA,Pro,Azure,2024-08-24
A0006,Company_6,SaaS,US-West,Pro,AWS,2024-03-17
A0007,Company_7,SaaS,US-East,Standard,AWS,2024-09-23
A0008,Company_8,IoT,EMEA,Enterprise,Azure,2024-09-06
A0009,Company_9,Fintech,US-West,Pro,AWS,2024-08-28
A0010,Company_10,Healthcare,US-West,Free,AWS,2024-07-14
A0011,Company_11,IoT,APAC,Pro,GCP,2024-07-30
A0012,Company_12,Healthcare,US-East,Pro,AWS,2024-05-13
A0013,Company_13,Healthcare,US-West,Free,GCP,2024-07-26
A0014,Company_14,SaaS,EMEA,Standard,Azure,2024-03-20
A0015,Company_15,Gaming,APAC,Standard,AWS,2024-11-18
A0016,Company_16,Healthcare,US-East,Standard,GCP,2024-03-15
A0017,Company_17,Telecom,LATAM,Enterprise,GCP,2024-02-03
A0018,Company_18,SaaS,EMEA,Pro,AWS,2024-06-23
A0019,Company_19,Fintech,US-West,Pro,GCP,2024-09-20
A0020,Company_20,Gaming,US-West,Standard,AWS,2024-06-24
A0021,Company_21,Telecom,EMEA,Standard,GCP,2024-04-20
A0022,Company_22,Telecom,US-West,Pro,AWS,2024-08-11
A0023,Company_23,Fintech,APAC,Pro,GCP,2024-05-18
A0024,Company_24,Gaming,US-East,Free,AWS,2025-01-08
A0025,Company_25,SaaS,APAC,Pro,Azure,2025-01-04
A0026,Company_26,E-commerce,US-West,Pro,AWS,2024-07-19
A0027,Company_27,Gaming,LATAM,Standard,GCP,2024-05-11
A0028,Company_28,Fintech,US-East,Free,GCP,2024-10-21
A0029,Company_29,Telecom,US-East,Pro,Azure,2024-01-15
A0030,Company_30,SaaS,EMEA,Standard,GCP,2024-07-08
A0031,Company_31,Gaming,EMEA,Standard,Azure,2024-05-14
A0032,Company_32,E-commerce,LATAM,Standard,Azure,2025-01-03
A0033,Company_33,E-commerce,US-East,Standard,Azure,2024-01-05
A0034,Company_34,Healthcare,LATAM,Pro,AWS,2024-08-09
A0035,Company_35,Healthcare,EMEA,Pro,GCP,2024-10-23
A0036,Company_36,IoT,EMEA,Standard,Azure,2024-07-13
A0037,Company_37,Fintech,US-East,Enterprise,Multi-cloud,2024-02-04
A0038,Company_38,Gaming,APAC,Enterprise,Azure,2025-01-23
A0039,Company_39,Gaming,US-West,Enterprise,AWS,2024-07-26
A0040,Company_40,IoT,EMEA,Standard,AWS,2024-09-02
A0041,Company_41,Telecom,EMEA,Standard,GCP,2024-04-04
A0042,Company_42,Telecom,APAC,Enterprise,Azure,2024-07-12
A0043,Company_43,IoT,APAC,Pro,GCP,2024-06-20
A0044,Company_44,Telecom,LATAM,Free,GCP,2024-01-30
A0045,Company_45,Healthcare,LATAM,Free,Azure,2024-02-12
A0046,Company_46,Gaming,US-West,Standard,AWS,2024-11-30
A0047,Company_47,IoT,US-West,Enterprise,Azure,2024-04-05
A0048,Company_48,Gaming,US-East,Pro,GCP,2024-03-18
A0049,Company_49,E-commerce,LATAM,Standard,AWS,2024-07-20
A0050,Company_50,Healthcare,EMEA,Standard,GCP,2024-11-03
A0051,Company_51,SaaS,LATAM,Pro,Azure,2024-01-25
A0052,Company_52,Healthcare,EMEA,Pro,AWS,2024-08-18
A0053,Company_53,IoT,APAC,Standard,AWS,2024-02-17
A0054,Company_54,SaaS,LATAM,Pro,Multi-cloud,2024-01-15
A0055,Company_55,E-commerce,APAC,Enterprise,AWS,2024-01-22
A0056,Company_56,IoT,US-West,Standard,GCP,2024-11-29
A0057,Company_57,Fintech,US-West,Pro,GCP,2024-02-17
A0058,Company_58,Gaming,US-East,Standard,GCP,2024-01-19
A0059,Company_59,E-commerce,LATAM,Pro,GCP,2024-06-24
A0060,Company_60,Gaming,APAC,Pro,AWS,2024-12-03
A0061,Company_61,Telecom,EMEA,Pro,GCP,2024-04-14
A0062,Company_62,Fintech,US-West,Pro,AWS,2024-06-17
A0063,Company_63,Fintech,US-West,Standard,Azure,2024-01-16
A0064,Company_64,E-commerce,EMEA,Enterprise,AWS,2024-06-28
A0065,Company_65,Fintech,APAC,Pro,GCP,2024-08-19
A0066,Company_66,SaaS,APAC,Standard,AWS,2024-08-16
A0067,Company_67,Fintech,LATAM,Pro,AWS,2024-05-12
A0068,Company_68,Gaming,LATAM,Pro,AWS,2024-05-06
A0069,Company_69,Gaming,US-East,Standard,AWS,2024-02-12
A0070,Company_70,IoT,US-West,Enterprise,Azure,2024-05-26
A0071,Company_71,Gaming,LATAM,Enterprise,AWS,2024-02-09
A0072,Company_72,IoT,APAC,Standard,Multi-cloud,2024-11-02
A0073,Company_73,Gaming,EMEA,Enterprise,Multi-cloud,2025-01-21
A0074,Company_74,SaaS,APAC,Standard,GCP,2025-01-23
A0075,Company_75,IoT,US-West,Standard,AWS,2024-12-12
A0076,Company_76,Healthcare,APAC,Standard,AWS,2024-08-28
A0077,Company_77,Telecom,US-East,Enterprise,Azure,2024-10-07
A0078,Company_78,E-commerce,US-West,Pro,AWS,2024-04-24
A0079,Company_79,Gaming,EMEA,Standard,AWS,2024-09-09
A0080,Company_80,Fintech,US-East,Standard,GCP,2024-07-01
A0081,Company_81,Gaming,US-West,Pro,Azure,2024-07-11
A0082,Company_82,Fintech,EMEA,Free,Azure,2024-10-30
A0083,Company_83,Telecom,US-East,Enterprise,AWS,2024-04-22
A0084,Company_84,Telecom,US-East,Pro,Azure,2024-05-07
A0085,Company_85,Telecom,US-West,Pro,AWS,2025-01-04
A0086,Company_86,Fintech,LATAM,Enterprise,AWS,2024-01-23
A0087,Company_87,Gaming,US-East,Standard,Azure,2024-07-13
A0088,Company_88,Telecom,US-East,Enterprise,AWS,2024-12-31
A0089,Company_89,SaaS,EMEA,Pro,AWS,2024-09-01
A0090,Company_90,IoT,APAC,Pro,AWS,2024-08-06
A0091,Company_91,Fintech,US-West,Standard,Azure,2024-04-09
A0092,Company_92,Fintech,US-West,Enterprise,Azure,2024-05-17
A0093,Company_93,Gaming,LATAM,Standard,GCP,2024-12-06
A0094,Company_94,Fintech,LATAM,Standard,Azure,2024-08-11
A0095,Company_95,Fintech,US-West,Free,AWS,2024-07-24
A0096,Company_96,Telecom,LATAM,Pro,GCP,2024-02-09
A0097,Company_97,Gaming,EMEA,Pro,AWS,2024-01-07
A0098,Company_98,Telecom,US-West,Pro,AWS,2025-01-20
A0099,Company_99,IoT,LATAM,Enterprise,GCP,2024-05-30
A0100,Company_100,IoT,US-West,Free,Multi-cloud,2024-08-29
A0101,Company_101,Telecom,APAC,Pro,AWS,2024-02-01
A0102,Company_102,IoT,US-East,Standard,AWS,2024-09-30
A0103,Company_103,Gaming,US-West,Enterprise,AWS,2025-01-08
A0104,Company_104,E-commerce,US-East,Pro,AWS,2024-08-18
A0105,Company_105,Telecom,LATAM,Pro,Multi-cloud,2024-02-20
A0106,Company_106,SaaS,US-East,Pro,GCP,2024-08-20
A0107,Company_107,SaaS,US-West,Standard,GCP,2024-11-02
A0108,Company_108,Fintech,APAC,Standard,Azure,2024-06-11
A0109,Company_109,IoT,LATAM,Pro,AWS,2024-12-17
A0110,Company_110,SaaS,US-West,Standard,GCP,2024-09-16
A0111,Company_111,Fintech,LATAM,Standard,GCP,2024-12-25
A0112,Company_112,E-commerce,EMEA,Standard,GCP,2024-09-06
A0113,Company_113,Gaming,US-East,Pro,Multi-cloud,2024-02-22
A0114,Company_114,Gaming,EMEA,Standard,Azure,2024-05-03
A0115,Company_115,Gaming,US-West,Standard,AWS,2024-03-21
A0116,Company_116,SaaS,APAC,Pro,Azure,2024-12-29
A0117,Company_117,E-commerce,LATAM,Pro,AWS,2024-10-31
A0118,Company_118,SaaS,US-East,Standard,AWS,2024-09-27
A0119,Company_119,IoT,LATAM,Standard,AWS,2024-04-30
A0120,Company_120,SaaS,US-West,Standard,AWS,2024-03-14
A0121,Company_121,E-commerce,LATAM,Standard,GCP,2024-10-29
A0122,Company_122,E-commerce,US-East,Standard,GCP,2024-07-08
A0123,Company_123,IoT,US-West,Pro,Multi-cloud,2024-03-31
A0124,Company_124,E-commerce,LATAM,Pro,GCP,2024-09-03
A0125,Company_125,E-commerce,APAC,Pro,GCP,2024-01-17
A0126,Company_126,Gaming,US-West,Standard,AWS,2024-05-10
A0127,Company_127,IoT,US-West,Pro,AWS,2024-07-06
A0128,Company_128,Healthcare,APAC,Standard,GCP,2024-02-29
A0129,Company_129,Healthcare,EMEA,Enterprise,GCP,2025-01-28
A0130,Company_130,E-commerce,US-East,Pro,Azure,2024-03-24
A0131,Company_131,Healthcare,EMEA,Standard,AWS,2024-02-22
A0132,Company_132,Healthcare,LATAM,Pro,AWS,2024-03-22
A0133,Company_133,E-commerce,APAC,Standard,GCP,2024-11-03
A0134,Company_134,Healthcare,EMEA,Pro,AWS,2024-06-19
A0135,Company_135,SaaS,US-West,Free,AWS,2024-08-14
A0136,Company_136,Fintech,LATAM,Standard,Azure,2024-01-09
A0137,Company_137,IoT,LATAM,Enterprise,AWS,2024-01-14
A0138,Company_138,Fintech,EMEA,Standard,GCP,2024-06-27
A0139,Company_139,E-commerce,EMEA,Pro,AWS,2024-11-22
A0140,Company_140,Gaming,APAC,Standard,AWS,2024-12-20
A0141,Company_141,IoT,US-East,Pro,AWS,2024-02-04
A0142,Company_142,E-commerce,EMEA,Pro,Azure,2024-08-03
A0143,Company_143,Gaming,EMEA,Pro,AWS,2024-12-31
A0144,Company_144,Fintech,US-West,Standard,Azure,2024-06-04
A0145,Company_145,E-commerce,LATAM,Standard,AWS,2024-11-27
A0146,Company_146,IoT,US-East,Free,Azure,2024-02-23
A0147,Company_147,IoT,US-West,Standard,AWS,2025-01-09
A0148,Company_148,Telecom,APAC,Pro,Azure,2024-10-27
A0149,Company_149,SaaS,APAC,Enterprise,GCP,2025-01-11
A0150,Company_150,Healthcare,EMEA,Enterprise,Multi-cloud,2024-09-27
A0151,Company_151,Gaming,EMEA,Pro,AWS,2024-05-25
A0152,Company_152,Telecom,APAC,Pro,AWS,2025-01-10
A0153,Company_153,Healthcare,EMEA,Pro,AWS,2024-04-20
A0154,Company_154,Healthcare,US-East,Standard,Azure,2024-05-12
A0155,Company_155,E-commerce,EMEA,Enterprise,GCP,2024-10-07
A0156,Company_156,Healthcare,LATAM,Pro,Azure,2024-11-02
A0157,Company_157,SaaS,EMEA,Pro,AWS,2025-01-06
A0158,Company_158,IoT,US-West,Standard,AWS,2024-03-22
A0159,Company_159,Telecom,US-East,Standard,AWS,2024-11-15
A0160,Company_160,Healthcare,US-West,Standard,Multi-cloud,2024-10-22
A0161,Company_161,E-commerce,US-West,Enterprise,Azure,2024-01-26
A0162,Company_162,SaaS,LATAM,Pro,Multi-cloud,2024-06-03
A0163,Company_163,Fintech,US-East,Standard,AWS,2024-04-23
A0164,Company_164,IoT,US-East,Enterprise,GCP,2024-05-01
A0165,Company_165,IoT,US-East,Standard,Azure,2025-01-28
A0166,Company_166,Telecom,US-East,Standard,AWS,2024-09-14
A0167,Company_167,IoT,US-East,Free,Azure,2024-10-14
A0168,Company_168,Healthcare,LATAM,Pro,Multi-cloud,2025-01-25
A0169,Company_169,E-commerce,EMEA,Enterprise,Azure,2024-05-30
A0170,Company_170,IoT,US-West,Standard,Azure,2024-11-16
A0171,Company_171,IoT,US-East,Enterprise,AWS,2024-06-22
A0172,Company_172,Fintech,EMEA,Standard,AWS,2024-12-13
A0173,Company_173,Fintech,EMEA,Enterprise,Multi-cloud,2024-03-13
A0174,Company_174,Gaming,US-West,Pro,AWS,2025-01-14
A0175,Company_175,SaaS,LATAM,Pro,Azure,2024-03-28
A0176,Company_176,Healthcare,APAC,Free,Azure,2024-05-10
A0177,Company_177,IoT,APAC,Enterprise,GCP,2024-10-29
A0178,Company_178,IoT,EMEA,Pro,Multi-cloud,2024-06-06
A0179,Company_179,E-commerce,US-West,Standard,AWS,2024-08-31
A0180,Company_180,Gaming,APAC,Pro,AWS,2024-06-26
A0181,Company_181,SaaS,EMEA,Standard,AWS,2024-10-23
A0182,Company_182,Gaming,LATAM,Enterprise,GCP,2024-04-01
A0183,Company_183,Telecom,APAC,Standard,AWS,2024-01-24
A0184,Company_184,SaaS,EMEA,Pro,AWS,2024-04-29
A0185,Company_185,IoT,EMEA,Pro,Azure,2024-07-08
A0186,Company_186,IoT,US-East,Free,Multi-cloud,2024-03-08
A0187,Company_187,SaaS,LATAM,Standard,AWS,2024-05-21
A0188,Company_188,IoT,US-East,Free,AWS,2024-06-08
A0189,Company_189,Healthcare,US-West,Standard,Multi-cloud,2024-01-23
A0190,Company_190,SaaS,US-East,Standard,AWS,2024-08-21
A0191,Company_191,Gaming,US-East,Pro,AWS,2024-12-19
A0192,Company_192,SaaS,APAC,Standard,AWS,2024-03-01
A0193,Company_193,IoT,EMEA,Standard,GCP,2024-08-27
A0194,Company_194,Healthcare,LATAM,Pro,AWS,2024-09-22
A0195,Company_195,Healthcare,US-East,Free,Multi-cloud,2024-06-16
A0196,Company_196,Telecom,LATAM,Enterprise,GCP,2024-10-07
A0197,Company_197,Gaming,US-East,Enterprise,GCP,2024-06-13
A0198,Company_198,Fintech,US-West,Pro,AWS,2024-07-20
A0199,Company_199,Fintech,US-East,Pro,GCP,2024-01-03
A0200,Company_200,SaaS,APAC,Enterprise,Azure,2024-10-03
A0201,Company_201,Telecom,EMEA,Standard,Azure,2024-09-21
A0202,Company_202,E-commerce,US-West,Free,Azure,2024-01-16
A0203,Company_203,SaaS,US-East,Standard,GCP,2024-05-27
A0204,Company_204,Telecom,LATAM,Pro,Multi-cloud,2025-01-26
A0205,Company_205,Gaming,US-West,Free,Azure,2024-06-17
A0206,Company_206,Gaming,US-West,Pro,Azure,2024-07-19
A0207,Company_207,Gaming,US-East,Enterprise,AWS,2024-12-29
A0208,Company_208,Gaming,US-West,Enterprise,AWS,2024-10-13
A0209,Company_209,Gaming,LATAM,Pro,AWS,2024-08-20
A0210,Company_210,Telecom,US-West,Free,Azure,2024-11-15
A0211,Company_211,Telecom,LATAM,Pro,GCP,2024-12-11
A0212,Company_212,Healthcare,US-East,Pro,GCP,2024-07-01
A0213,Company_213,Fintech,EMEA,Standard,Azure,2024-07-09
A0214,Company_214,IoT,US-West,Free,Azure,2024-06-03
A0215,Company_215,Gaming,EMEA,Enterprise,Multi-cloud,2025-01-21
A0216,Company_216,E-commerce,LATAM,Pro,AWS,2024-10-05
A0217,Company_217,IoT,US-West,Pro,Azure,2024-02-03
A0218,Company_218,Telecom,APAC,Enterprise,AWS,2024-12-11
A0219,Company_219,E-commerce,EMEA,Pro,AWS,2024-07-11
A0220,Company_220,E-commerce,US-West,Pro,AWS,2024-01-28
A0221,Company_221,E-commerce,EMEA,Standard,AWS,2024-08-07
A0222,Company_222,Healthcare,US-West,Standard,GCP,2024-06-15
A0223,Company_223,Telecom,US-East,Standard,Azure,2024-12-17
A0224,Company_224,E-commerce,EMEA,Pro,AWS,2024-03-22
A0225,Company_225,Gaming,APAC,Pro,Azure,2024-11-26
A0226,Company_226,SaaS,APAC,Enterprise,GCP,2024-08-11
A0227,Company_227,E-commerce,LATAM,Standard,AWS,2024-01-22
A0228,Company_228,Healthcare,US-West,Pro,GCP,2025-01-23
A0229,Company_229,IoT,EMEA,Pro,AWS,2024-07-24
A0230,Company_230,Telecom,LATAM,Pro,GCP,2024-04-26
A0231,Company_231,Healthcare,EMEA,Pro,GCP,2024-07-06
A0232,Company_232,E-commerce,US-West,Standard,AWS,2024-12-09
A0233,Company_233,Telecom,APAC,Pro,AWS,2024-05-01
A0234,Company_234,SaaS,US-East,Standard,GCP,2024-03-18
A0235,Company_235,E-commerce,APAC,Standard,Multi-cloud,2024-02-21
A0236,Company_236,Healthcare,LATAM,Standard,AWS,2024-04-29
A0237,Company_237,Fintech,US-East,Pro,Azure,2024-11-08
A0238,Company_238,Gaming,LATAM,Enterprise,Azure,2024-07-07
A0239,Company_239,IoT,US-West,Pro,Multi-cloud,2024-03-31
A0240,Company_240,Healthcare,US-East,Pro,Azure,2024-03-07
A0241,Company_241,Telecom,LATAM,Pro,GCP,2024-05-13
A0242,Company_242,E-commerce,US-West,Pro,Azure,2025-01-10
A0243,Company_243,Gaming,APAC,Free,Azure,2024-05-17
A0244,Company_244,E-commerce,US-West,Standard,AWS,2025-01-30
A0245,Company_245,Telecom,EMEA,Standard,AWS,2024-07-13
A0246,Company_246,E-commerce,US-West,Standard,AWS,2024-03-12
A0247,Company_247,Fintech,US-West,Free,Azure,2024-12-22
A0248,Company_248,Gaming,EMEA,Standard,Azure,2024-07-03
A0249,Company_249,Gaming,LATAM,Standard,AWS,2024-10-10
A0250,Company_250,Telecom,LATAM,Enterprise,GCP,2025-01-28
A0251,Company_251,IoT,US-West,Standard,GCP,2024-01-21
A0252,Company_252,Fintech,EMEA,Standard,AWS,2024-02-08
A0253,Company_253,Healthcare,EMEA,Standard,Multi-cloud,2024-10-15
A0254,Company_254,E-commerce,APAC,Pro,AWS,2024-04-22
A0255,Company_255,SaaS,LATAM,Standard,AWS,2024-03-14
A0256,Company_256,E-commerce,US-East,Standard,GCP,2024-01-16
A0257,Company_257,E-commerce,LATAM,Pro,Azure,2024-01-09
A0258,Company_258,Healthcare,LATAM,Free,AWS,2024-11-05
A0259,Company_259,E-commerce,APAC,Free,Azure,2024-02-23
A0260,Company_260,Fintech,US-East,Standard,GCP,2024-07-06
A0261,Company_261,Fintech,APAC,Free,AWS,2024-08-30
A0262,Company_262,Gaming,US-East,Standard,AWS,2024-06-20
A0263,Company_263,Telecom,US-West,Standard,GCP,2024-01-11
A0264,Company_264,IoT,US-East,Pro,AWS,2024-11-09
A0265,Company_265,SaaS,APAC,Pro,Multi-cloud,2024-01-05
A0266,Company_266,E-commerce,LATAM,Pro,Azure,2024-10-31
A0267,Company_267,E-commerce,US-East,Standard,Multi-cloud,2024-12-23
A0268,Company_268,Healthcare,US-East,Enterprise,AWS,2024-06-22
A0269,Company_269,Telecom,EMEA,Standard,Multi-cloud,2024-08-02
A0270,Company_270,Fintech,LATAM,Free,GCP,2024-07-09
A0271,Company_271,SaaS,US-West,Pro,AWS,2024-06-04
A0272,Company_272,Gaming,APAC,Standard,AWS,2024-12-20
A0273,Company_273,Fintech,US-West,Standard,AWS,2024-12-23
A0274,Company_274,Telecom,LATAM,Pro,Azure,2024-05-14
A0275,Company_275,IoT,US-East,Enterprise,GCP,2024-09-03
A0276,Company_276,Gaming,US-East,Standard,AWS,2025-01-05
A0277,Company_277,IoT,LATAM,Pro,GCP,2025-01-19
A0278,Company_278,Healthcare,US-East,Enterprise,AWS,2024-07-22
A0279,Company_279,Healthcare,US-East,Standard,GCP,2024-06-30
A0280,Company_280,E-commerce,US-East,Standard,AWS,2024-04-21
A0281,Company_281,IoT,APAC,Standard,Azure,2025-01-18
A0282,Company_282,Telecom,APAC,Standard,Azure,2024-02-27
A0283,Company_283,SaaS,EMEA,Standard,GCP,2024-08-19
A0284,Company_284,Gaming,US-West,Enterprise,AWS,2024-04-23
A0285,Company_285,Fintech,LATAM,Pro,AWS,2024-04-21
A0286,Company_286,Telecom,LATAM,Pro,Azure,2024-06-10
A0287,Company_287,Telecom,LATAM,Standard,AWS,2025-02-03
A0288,Company_288,Healthcare,EMEA,Pro,AWS,2024-01-22
A0289,Company_289,IoT,APAC,Enterprise,AWS,2024-08-19
A0290,Company_290,E-commerce,EMEA,Pro,GCP,2024-02-03
A0291,Company_291,E-commerce,LATAM,Free,GCP,2024-03-02
A0292,Company_292,Gaming,US-West,Pro,Azure,2024-06-24
A0293,Company_293,Healthcare,US-East,Free,AWS,2024-07-23
A0294,Company_294,Telecom,APAC,Standard,AWS,2024-04-13
A0295,Company_295,SaaS,APAC,Free,Azure,2024-05-06
A0296,Company_296,Healthcare,EMEA,Pro,Azure,2024-02-04
A0297,Company_297,Gaming,APAC,Pro,AWS,2024-05-01
A0298,Company_298,Gaming,LATAM,Standard,GCP,2025-01-21
A0299,Company_299,Healthcare,LATAM,Standard,AWS,2025-01-12
A0300,Company_300,Gaming,EMEA,Standard,Multi-cloud,2024-05-13
A0301,Company_301,Healthcare,LATAM,Standard,AWS,2024-08-16
A0302,Company_302,Fintech,US-West,Standard,Multi-cloud,2024-12-29
A0303,Company_303,Healthcare,EMEA,Standard,Azure,2024-01-03
A0304,Company_304,IoT,US-West,Pro,GCP,2024-11-20
A0305,Company_305,Healthcare,US-East,Free,AWS,2025-01-14
A0306,Company_306,Gaming,US-West,Free,GCP,2024-02-06
A0307,Company_307,IoT,US-East,Standard,GCP,2024-03-05
A0308,Company_308,Gaming,US-East,Enterprise,AWS,2025-01-19
A0309,Company_309,E-commerce,US-West,Pro,Azure,2024-08-03
A0310,Company_310,E-commerce,EMEA,Pro,Multi-cloud,2024-01-06
A0311,Company_311,IoT,LATAM,Standard,GCP,2024-04-13
A0312,Company_312,Fintech,LATAM,Pro,Azure,2024-06-28
A0313,Company_313,E-commerce,US-East,Free,AWS,2024-10-04
A0314,Company_314,Healthcare,US-East,Pro,GCP,2024-10-20
A0315,Company_315,Gaming,EMEA,Enterprise,AWS,2025-02-02
A0316,Company_316,E-commerce,APAC,Pro,GCP,2024-04-25
A0317,Company_317,E-commerce,US-West,Enterprise,Multi-cloud,2024-08-03
A0318,Company_318,Fintech,US-East,Pro,Azure,2024-08-01
A0319,Company_319,IoT,LATAM,Standard,AWS,2024-06-11
A0320,Company_320,IoT,EMEA,Enterprise,AWS,2024-03-08
A0321,Company_321,Telecom,US-West,Free,GCP,2025-01-25
A0322,Company_322,Fintech,EMEA,Pro,GCP,2024-12-07
A0323,Company_323,Healthcare,US-West,Standard,Azure,2024-07-18
A0324,Company_324,IoT,US-West,Free,Azure,2024-08-29
A0325,Company_325,Gaming,US-East,Standard,GCP,2024-03-31
A0326,Company_326,Fintech,EMEA,Standard,AWS,2024-08-05
A0327,Company_327,E-commerce,EMEA,Standard,AWS,2024-10-04
A0328,Company_328,Gaming,LATAM,Pro,AWS,2024-07-25
A0329,Company_329,Gaming,LATAM,Free,AWS,2025-01-31
A0330,Company_330,E-commerce,US-East,Standard,GCP,2024-09-01
A0331,Company_331,Fintech,US-East,Pro,Azure,2024-05-28
A0332,Company_332,E-commerce,APAC,Standard,Azure,2024-11-04
A0333,Company_333,Telecom,LATAM,Pro,AWS,2024-03-09
A0334,Company_334,Gaming,US-West,Pro,AWS,2024-06-02
A0335,Company_335,SaaS,EMEA,Pro,AWS,2024-05-18
A0336,Company_336,SaaS,US-East,Pro,AWS,2024-06-21
A0337,Company_337,Healthcare,EMEA,Standard,Azure,2024-11-08
A0338,Company_338,IoT,EMEA,Pro,AWS,2024-07-12
A0339,Company_339,E-commerce,APAC,Standard,GCP,2024-11-13
A0340,Company_340,E-commerce,LATAM,Standard,AWS,2024-08-18
A0341,Company_341,Healthcare,US-East,Pro,Azure,2024-05-16
A0342,Company_342,Healthcare,EMEA,Standard,GCP,2024-11-19
A0343,Company_343,Healthcare,US-East,Pro,AWS,2024-04-05
A0344,Company_344,Gaming,US-West,Pro,GCP,2024-03-30
A0345,Company_345,Telecom,APAC,Enterprise,Azure,2024-07-20
A0346,Company_346,E-commerce,US-West,Enterprise,Multi-cloud,2024-04-14
A0347,Company_347,Gaming,US-East,Standard,AWS,2024-01-04
A0348,Company_348,Healthcare,US-East,Standard,Azure,2024-09-16
A0349,Company_349,E-commerce,LATAM,Pro,Multi-cloud,2024-07-23
A0350,Company_350,Gaming,EMEA,Standard,Multi-cloud,2024-06-27
A0351,Company_351,Telecom,EMEA,Pro,GCP,2025-01-21
A0352,Company_352,Gaming,US-West,Pro,GCP,2024-08-16
A0353,Company_353,Telecom,APAC,Pro,GCP,2024-12-11
A0354,Company_354,Healthcare,EMEA,Standard,Azure,2024-02-25
A0355,Company_355,Telecom,LATAM,Standard,GCP,2024-08-15
A0356,Company_356,E-commerce,US-West,Standard,Azure,2024-12-13
A0357,Company_357,Healthcare,US-West,Standard,GCP,2024-08-21
A0358,Company_358,E-commerce,LATAM,Enterprise,Azure,2024-10-14
A0359,Company_359,SaaS,APAC,Standard,Azure,2024-05-28
A0360,Company_360,Fintech,LATAM,Standard,AWS,2024-02-06
A0361,Company_361,Telecom,APAC,Free,Azure,2024-07-02
A0362,Company_362,Fintech,LATAM,Pro,GCP,2024-06-06
A0363,Company_363,Fintech,LATAM,Pro,Azure,2024-12-12
A0364,Company_364,Telecom,US-East,Standard,GCP,2024-04-07
A0365,Company_365,Healthcare,US-West,Free,AWS,2025-01-21
A0366,Company_366,SaaS,LATAM,Standard,Multi-cloud,2025-01-18
A0367,Company_367,E-commerce,LATAM,Standard,AWS,2024-04-09
A0368,Company_368,Gaming,EMEA,Pro,Azure,2024-05-19
A0369,Company_369,E-commerce,US-West,Pro,GCP,2024-12-24
A0370,Company_370,Gaming,EMEA,Standard,GCP,2025-01-21
A0371,Company_371,E-commerce,US-West,Standard,AWS,2024-06-26
A0372,Company_372,Telecom,EMEA,Enterprise,GCP,2024-05-08
A0373,Company_373,SaaS,LATAM,Standard,AWS,2024-07-29
A0374,Company_374,Gaming,LATAM,Pro,AWS,2024-10-02
A0375,Company_375,IoT,US-East,Standard,AWS,2024-04-19
A0376,Company_376,Healthcare,EMEA,Standard,AWS,2024-10-21
A0377,Company_377,E-commerce,APAC,Free,Multi-cloud,2024-01-21
A0378,Company_378,E-commerce,US-East,Pro,Multi-cloud,2024-01-20
A0379,Company_379,Gaming,EMEA,Enterprise,AWS,2024-06-03
A0380,Company_380,Healthcare,EMEA,Standard,Azure,2024-05-21
A0381,Company_381,Healthcare,US-East,Free,AWS,2024-05-06
A0382,Company_382,Telecom,LATAM,Free,Azure,2024-07-15
A0383,Company_383,IoT,EMEA,Standard,Azure,2024-05-08
A0384,Company_384,Telecom,LATAM,Standard,Multi-cloud,2024-03-17
A0385,Company_385,Telecom,US-East,Free,GCP,2024-05-03
A0386,Company_386,Telecom,LATAM,Pro,Azure,2025-01-24
A0387,Company_387,Telecom,US-West,Standard,AWS,2024-06-13
A0388,Company_388,Telecom,APAC,Standard,Multi-cloud,2024-06-26
A0389,Company_389,SaaS,EMEA,Enterprise,AWS,2024-08-18
A0390,Company_390,Healthcare,APAC,Standard,GCP,2025-01-28
A0391,Company_391,Telecom,LATAM,Enterprise,Azure,2024-04-06
A0392,Company_392,Healthcare,EMEA,Standard,Azure,2024-09-29
A0393,Company_393,Healthcare,LATAM,Enterprise,AWS,2024-10-13
A0394,Company_394,Fintech,US-West,Pro,Multi-cloud,2024-08-30
A0395,Company_395,SaaS,US-East,Pro,AWS,2024-02-05
A0396,Company_396,Telecom,EMEA,Enterprise,GCP,2024-09-27
A0397,Company_397,E-commerce,US-West,Standard,AWS,2024-01-26
A0398,Company_398,Gaming,US-West,Enterprise,AWS,2024-08-26
A0399,Company_399,IoT,EMEA,Standard,GCP,2024-10-22
A0400,Company_400,E-commerce,LATAM,Standard,GCP,2024-03-25
A0401,Company_401,SaaS,US-West,Standard,AWS,2024-12-02
A0402,Company_402,Gaming,APAC,Pro,AWS,2024-01-13
A0403,Company_403,SaaS,US-West,Standard,GCP,2024-12-03
A0404,Company_404,Healthcare,LATAM,Pro,Azure,2024-07-03
A0405,Company_405,Gaming,LATAM,Pro,Azure,2024-03-28
A0406,Company_406,Healthcare,APAC,Pro,AWS,2024-02-23
A0407,Company_407,E-commerce,US-West,Pro,AWS,2025-01-16
A0408,Company_408,E-commerce,LATAM,Standard,AWS,2024-01-30
A0409,Company_409,Gaming,EMEA,Standard,AWS,2024-03-20
A0410,Company_410,Gaming,US-East,Standard,Azure,2024-05-19
A0411,Company_411,Telecom,US-East,Standard,GCP,2024-09-05
A0412,Company_412,SaaS,US-East,Free,AWS,2024-08-05
A0413,Company_413,Telecom,US-West,Standard,AWS,2024-02-20
A0414,Company_414,SaaS,APAC,Standard,AWS,2024-04-25
A0415,Company_415,Telecom,LATAM,Enterprise,Azure,2024-04-05
A0416,Company_416,Healthcare,EMEA,Pro,Multi-cloud,2024-03-26
A0417,Company_417,Gaming,EMEA,Standard,AWS,2024-06-13
A0418,Company_418,E-commerce,US-West,Pro,AWS,2024-10-08
A0419,Company_419,SaaS,US-East,Standard,Azure,2024-03-27
A0420,Company_420,SaaS,US-West,Standard,Multi-cloud,2024-05-26
A0421,Company_421,E-commerce,APAC,Pro,GCP,2024-06-05
A0422,Company_422,Telecom,APAC,Standard,AWS,2025-01-25
A0423,Company_423,SaaS,LATAM,Standard,AWS,2025-01-16
A0424,Company_424,IoT,LATAM,Enterprise,GCP,2024-11-16
A0425,Company_425,Healthcare,APAC,Enterprise,AWS,2024-04-06
A0426,Company_426,Gaming,APAC,Pro,AWS,2024-01-28
A0427,Company_427,E-commerce,APAC,Pro,GCP,2024-05-06
A0428,Company_428,Gaming,US-West,Pro,AWS,2024-04-16
A0429,Company_429,IoT,APAC,Standard,Azure,2024-07-21
A0430,Company_430,SaaS,EMEA,Standard,AWS,2024-11-07
A0431,Company_431,SaaS,US-East,Free,AWS,2024-12-09
A0432,Company_432,IoT,APAC,Standard,GCP,2024-12-03
A0433,Company_433,E-commerce,US-East,Pro,AWS,2024-05-23
A0434,Company_434,Healthcare,US-West,Standard,Multi-cloud,2024-10-01
A0435,Company_435,Fintech,US-East,Enterprise,GCP,2024-05-05
A0436,Company_436,E-commerce,US-West,Enterprise,AWS,2024-01-25
A0437,Company_437,Fintech,EMEA,Pro,Azure,2024-10-07
A0438,Company_438,IoT,US-West,Pro,AWS,2024-01-04
A0439,Company_439,Telecom,US-West,Enterprise,Multi-cloud,2024-06-12
A0440,Company_440,Fintech,LATAM,Standard,AWS,2024-05-11
A0441,Company_441,Healthcare,APAC,Pro,GCP,2024-10-04
A0442,Company_442,Telecom,APAC,Standard,AWS,2024-11-02
A0443,Company_443,Fintech,EMEA,Pro,GCP,2024-05-01
A0444,Company_444,IoT,EMEA,Standard,Azure,2024-11-20
A0445,Company_445,Telecom,APAC,Enterprise,Azure,2024-04-27
A0446,Company_446,IoT,LATAM,Enterprise,AWS,2024-06-27
A0447,Company_447,Fintech,APAC,Standard,AWS,2024-10-17
A0448,Company_448,IoT,LATAM,Standard,Azure,2024-10-04
A0449,Company_449,Healthcare,EMEA,Enterprise,Multi-cloud,2025-01-29
A0450,Company_450,Fintech,US-East,Standard,AWS,2024-03-31
A0451,Company_451,Fintech,EMEA,Enterprise,GCP,2024-09-21
A0452,Company_452,Fintech,EMEA,Pro,AWS,2024-08-31
A0453,Company_453,E-commerce,US-West,Standard,Azure,2025-01-01
A0454,Company_454,E-commerce,US-West,Standard,AWS,2024-03-03
A0455,Company_455,E-commerce,US-West,Standard,AWS,2024-10-27
A0456,Company_456,Healthcare,US-West,Pro,Azure,2024-08-15
A0457,Company_457,Telecom,LATAM,Standard,AWS,2024-04-19
A0458,Company_458,IoT,APAC,Pro,GCP,2024-07-08
A0459,Company_459,SaaS,US-East,Standard,GCP,2024-05-13
A0460,Company_460,Fintech,EMEA,Pro,AWS,2024-08-19
A0461,Company_461,IoT,LATAM,Enterprise,AWS,2024-12-21
A0462,Company_462,Fintech,US-East,Enterprise,GCP,2024-08-15
A0463,Company_463,Healthcare,LATAM,Standard,AWS,2024-09-09
A0464,Company_464,Fintech,LATAM,Pro,GCP,2024-07-26
A0465,Company_465,E-commerce,EMEA,Pro,Azure,2024-01-21
A0466,Company_466,SaaS,APAC,Pro,Azure,2024-04-03
A0467,Company_467,Gaming,US-West,Enterprise,AWS,2024-07-15
A0468,Company_468,Fintech,APAC,Standard,AWS,2024-05-04
A0469,Company_469,IoT,EMEA,Standard,AWS,2024-03-13
A0470,Company_470,E-commerce,EMEA,Enterprise,AWS,2024-07-20
A0471,Company_471,Gaming,EMEA,Standard,GCP,2024-05-09
A0472,Company_472,SaaS,US-East,Pro,Azure,2024-04-13
A0473,Company_473,Gaming,APAC,Enterprise,AWS,2024-07-04
A0474,Company_474,E-commerce,APAC,Free,AWS,2024-02-23
A0475,Company_475,Telecom,LATAM,Enterprise,AWS,2025-01-06
A0476,Company_476,Telecom,LATAM,Standard,Azure,2024-12-13
A0477,Company_477,Gaming,LATAM,Pro,AWS,2024-10-10
A0478,Company_478,Healthcare,EMEA,Pro,GCP,2024-02-12
A0479,Company_479,IoT,APAC,Enterprise,AWS,2024-11-06
A0480,Company_480,IoT,EMEA,Free,Azure,2024-11-19
A0481,Company_481,Gaming,US-East,Standard,Azure,2024-11-03
A0482,Company_482,Fintech,LATAM,Pro,AWS,2024-02-15
A0483,Company_483,Fintech,EMEA,Pro,AWS,2024-09-14
A0484,Company_484,IoT,EMEA,Pro,GCP,2024-11-29
A0485,Company_485,IoT,US-East,Standard,AWS,2024-08-18
A0486,Company_486,Telecom,US-West,Standard,Azure,2024-09-15
A0487,Company_487,Healthcare,APAC,Standard,Azure,2024-07-02
A0488,Company_488,E-commerce,US-West,Pro,Azure,2024-07-30
A0489,Company_489,Fintech,LATAM,Standard,Azure,2024-01-14
A0490,Company_490,IoT,EMEA,Standard,AWS,2024-09-12
A0491,Company_491,Telecom,US-East,Enterprise,AWS,2024-02-02
A0492,Company_492,SaaS,US-East,Free,Azure,2024-06-23
A0493,Company_493,Telecom,APAC,Enterprise,AWS,2024-04-27
A0494,Company_494,Fintech,US-West,Pro,Azure,2024-08-06
A0495,Company_495,Fintech,APAC,Pro,AWS,2024-02-23
A0496,Company_496,Telecom,EMEA,Standard,AWS,2024-10-03
A0497,Company_497,E-commerce,APAC,Free,Multi-cloud,2024-11-14
A0498,Company_498,Gaming,US-East,Pro,AWS,2024-03-06
A0499,Company_499,Fintech,US-East,Pro,Multi-cloud,2024-02-11
A0500,Company_500,Telecom,LATAM,Pro,Multi-cloud,2024-02-28
A0501,Company_501,IoT,LATAM,Standard,Azure,2024-12-16
A0502,Company_502,Telecom,EMEA,Pro,Azure,2024-07-30
A0503,Company_503,Healthcare,US-West,Pro,GCP,2024-07-05
A0504,Company_504,Gaming,APAC,Pro,Azure,2024-02-12
A0505,Company_505,SaaS,EMEA,Pro,AWS,2024-09-16
A0506,Company_506,E-commerce,LATAM,Pro,GCP,2024-12-13
A0507,Company_507,SaaS,APAC,Pro,GCP,2024-11-27
A0508,Company_508,Gaming,LATAM,Free,GCP,2024-09-07
A0509,Company_509,Gaming,APAC,Standard,GCP,2024-01-31
A0510,Company_510,Gaming,US-West,Free,AWS,2024-02-14
A0511,Company_511,SaaS,EMEA,Standard,GCP,2024-01-20
A0512,Company_512,IoT,APAC,Standard,Azure,2024-04-12
A0513,Company_513,Gaming,US-East,Free,AWS,2024-02-24
A0514,Company_514,Telecom,US-East,Standard,Multi-cloud,2024-04-14
A0515,Company_515,SaaS,APAC,Standard,Azure,2024-06-03
A0516,Company_516,Gaming,APAC,Pro,Azure,2025-01-12
A0517,Company_517,Telecom,APAC,Enterprise,GCP,2024-09-01
A0518,Company_518,IoT,US-East,Free,Azure,2024-11-29
A0519,Company_519,Healthcare,US-East,Enterprise,AWS,2024-10-11
A0520,Company_520,IoT,APAC,Pro,Azure,2024-02-15
A0521,Company_521,Gaming,LATAM,Standard,AWS,2024-10-21
A0522,Company_522,SaaS,LATAM,Free,Azure,2024-04-20
A0523,Company_523,Fintech,US-West,Pro,Multi-cloud,2024-09-12
A0524,Company_524,Gaming,EMEA,Pro,AWS,2024-05-16
A0525,Company_525,Fintech,LATAM,Pro,AWS,2025-02-03
A0526,Company_526,Telecom,US-East,Free,Azure,2024-04-15
A0527,Company_527,Healthcare,LATAM,Free,AWS,2024-04-21
A0528,Company_528,E-commerce,US-West,Standard,Azure,2025-01-07
A0529,Company_529,IoT,US-West,Standard,AWS,2024-01-10
A0530,Company_530,Healthcare,EMEA,Standard,AWS,2024-10-05
A0531,Company_531,Gaming,LATAM,Standard,Multi-cloud,2024-10-17
A0532,Company_532,Fintech,US-East,Pro,Azure,2024-11-30
A0533,Company_533,IoT,US-East,Enterprise,Azure,2025-01-24
A0534,Company_534,Fintech,APAC,Standard,AWS,2025-01-25
A0535,Company_535,SaaS,US-East,Enterprise,Azure,2024-01-27
A0536,Company_536,Fintech,EMEA,Standard,GCP,2024-11-24
A0537,Company_537,SaaS,EMEA,Standard,GCP,2024-09-15
A0538,Company_538,Telecom,US-East,Standard,Azure,2024-09-15
A0539,Company_539,IoT,US-East,Pro,GCP,2024-02-21
A0540,Company_540,IoT,APAC,Enterprise,GCP,2024-09-17
A0541,Company_541,E-commerce,US-East,Pro,AWS,2025-01-27
A0542,Company_542,Gaming,APAC,Standard,Azure,2024-12-30
A0543,Company_543,SaaS,APAC,Pro,AWS,2024-06-24
A0544,Company_544,E-commerce,US-East,Standard,Azure,2024-01-16
A0545,Company_545,Fintech,US-West,Enterprise,AWS,2024-05-24
A0546,Company_546,Fintech,US-West,Pro,GCP,2024-11-26
A0547,Company_547,E-commerce,APAC,Standard,Azure,2024-10-07
A0548,Company_548,IoT,US-East,Pro,AWS,2024-07-02
A0549,Company_549,Fintech,US-West,Pro,AWS,2024-01-23
A0550,Company_550,Telecom,US-East,Free,AWS,2024-06-19
A0551,Company_551,Telecom,US-East,Pro,GCP,2024-07-06
A0552,Company_552,E-commerce,US-East,Standard,Azure,2025-01-06
A0553,Company_553,SaaS,LATAM,Pro,AWS,2024-09-13
A0554,Company_554,SaaS,US-East,Pro,Azure,2024-05-04
A0555,Company_555,E-commerce,LATAM,Pro,AWS,2024-07-29
A0556,Company_556,SaaS,APAC,Pro,GCP,2024-01-27
A0557,Company_557,IoT,US-West,Pro,Multi-cloud,2025-01-24
A0558,Company_558,IoT,US-West,Standard,AWS,2024-05-24
A0559,Company_559,SaaS,US-West,Pro,GCP,2024-07-10
A0560,Company_560,Telecom,US-West,Standard,AWS,2024-05-22
A0561,Company_561,SaaS,US-West,Standard,AWS,2024-09-30
A0562,Company_562,IoT,US-West,Standard,AWS,2024-09-21
A0563,Company_563,Healthcare,US-West,Standard,AWS,2024-10-13
A0564,Company_564,Gaming,APAC,Pro,GCP,2024-04-17
A0565,Company_565,Fintech,US-East,Free,GCP,2024-05-06
A0566,Company_566,Healthcare,EMEA,Pro,GCP,2024-02-20
A0567,Company_567,SaaS,LATAM,Standard,AWS,2024-09-19
A0568,Company_568,Telecom,EMEA,Free,AWS,2024-01-16
A0569,Company_569,E-commerce,EMEA,Pro,Azure,2024-08-27
A0570,Company_570,SaaS,US-East,Free,Multi-cloud,2024-12-13
A0571,Company_571,Telecom,US-East,Standard,AWS,2024-12-22
A0572,Company_572,Gaming,US-East,Pro,Azure,2024-06-28
A0573,Company_573,SaaS,US-West,Free,GCP,2024-07-02
A0574,Company_574,IoT,APAC,Pro,GCP,2024-01-31
A0575,Company_575,E-commerce,US-West,Free,GCP,2024-09-25
A0576,Company_576,Telecom,APAC,Standard,AWS,2024-11-24
A0577,Company_577,Telecom,APAC,Pro,AWS,2024-04-07
A0578,Company_578,Telecom,EMEA,Standard,GCP,2024-06-17
A0579,Company_579,Gaming,EMEA,Standard,AWS,2024-12-01
A0580,Company_580,SaaS,APAC,Standard,Multi-cloud,2024-12-16
A0581,Company_581,Gaming,APAC,Standard,GCP,2024-04-07
A0582,Company_582,Fintech,US-West,Pro,AWS,2024-08-08
A0583,Company_583,Fintech,US-West,Standard,Azure,2024-03-17
A0584,Company_584,SaaS,EMEA,Pro,AWS,2024-02-10
A0585,Company_585,IoT,US-East,Enterprise,GCP,2024-12-30
A0586,Company_586,Gaming,APAC,Standard,Azure,2024-11-24
A0587,Company_587,E-commerce,US-West,Enterprise,Multi-cloud,2024-10-31
A0588,Company_588,Telecom,EMEA,Standard,Azure,2024-01-20
A0589,Company_589,Telecom,US-West,Enterprise,Azure,2024-12-03
A0590,Company_590,SaaS,APAC,Free,Azure,2024-06-24
A0591,Company_591,IoT,APAC,Pro,Multi-cloud,2024-05-16
A0592,Company_592,Fintech,LATAM,Standard,AWS,2024-08-06
A0593,Company_593,Fintech,US-East,Standard,AWS,2024-02-06
A0594,Company_594,Telecom,LATAM,Pro,AWS,2024-10-29
A0595,Company_595,SaaS,EMEA,Pro,AWS,2024-08-20
A0596,Company_596,Gaming,US-West,Free,Azure,2024-03-15
A0597,Company_597,Fintech,EMEA,Standard,GCP,2024-03-16
A0598,Company_598,Gaming,APAC,Pro,GCP,2024-03-14
A0599,Company_599,IoT,LATAM,Pro,AWS,2024-01-23
A0600,Company_600,Fintech,LATAM,Enterprise,Azure,2024-08-23
A0601,Company_601,Fintech,LATAM,Pro,AWS,2024-12-02
A0602,Company_602,Healthcare,EMEA,Enterprise,Azure,2024-01-07
A0603,Company_603,Fintech,APAC,Pro,GCP,2024-01-20
A0604,Company_604,E-commerce,US-West,Standard,AWS,2024-08-17
A0605,Company_605,SaaS,US-West,Standard,AWS,2024-11-23
A0606,Company_606,SaaS,EMEA,Pro,AWS,2024-05-10
A0607,Company_607,Gaming,LATAM,Pro,Azure,2024-05-19
A0608,Company_608,IoT,US-East,Free,Multi-cloud,2024-08-26
A0609,Company_609,Fintech,EMEA,Standard,GCP,2024-04-19
A0610,Company_610,E-commerce,EMEA,Enterprise,AWS,2024-01-11
A0611,Company_611,Gaming,APAC,Pro,GCP,2024-10-21
A0612,Company_612,Healthcare,US-West,Standard,Azure,2024-09-07
A0613,Company_613,Gaming,EMEA,Standard,Azure,2024-08-20
A0614,Company_614,Gaming,EMEA,Standard,AWS,2024-10-23
A0615,Company_615,Fintech,LATAM,Standard,AWS,2024-09-27
A0616,Company_616,Healthcare,LATAM,Standard,Azure,2024-03-23
A0617,Company_617,Gaming,US-East,Free,AWS,2024-05-20
A0618,Company_618,E-commerce,APAC,Pro,AWS,2024-02-20
A0619,Company_619,E-commerce,US-East,Standard,AWS,2024-02-21
A0620,Company_620,SaaS,LATAM,Pro,GCP,2024-09-27
A0621,Company_621,Healthcare,US-West,Enterprise,Azure,2024-12-09
A0622,Company_622,Healthcare,LATAM,Standard,Multi-cloud,2025-01-20
A0623,Company_623,SaaS,APAC,Pro,GCP,2024-09-08
A0624,Company_624,Gaming,LATAM,Standard,GCP,2024-03-14
A0625,Company_625,Healthcare,APAC,Enterprise,AWS,2024-02-12
A0626,Company_626,E-commerce,APAC,Standard,GCP,2024-11-21
A0627,Company_627,E-commerce,APAC,Pro,AWS,2024-08-19
A0628,Company_628,Fintech,APAC,Pro,GCP,2024-09-04
A0629,Company_629,Healthcare,APAC,Standard,AWS,2024-11-08
A0630,Company_630,Gaming,US-West,Standard,AWS,2024-10-08
A0631,Company_631,SaaS,US-East,Pro,AWS,2024-11-29
A0632,Company_632,SaaS,EMEA,Pro,AWS,2024-01-23
A0633,Company_633,Gaming,US-East,Standard,AWS,2024-10-26
A0634,Company_634,IoT,APAC,Pro,AWS,2024-12-06
A0635,Company_635,Telecom,US-West,Standard,Multi-cloud,2024-04-24
A0636,Company_636,Fintech,LATAM,Pro,GCP,2024-09-13
A0637,Company_637,SaaS,US-West,Standard,GCP,2024-05-05
A0638,Company_638,Healthcare,APAC,Enterprise,Azure,2025-01-18
A0639,Company_639,Fintech,US-West,Standard,Multi-cloud,2024-01-14
A0640,Company_640,Healthcare,US-West,Standard,GCP,2024-08-19
A0641,Company_641,IoT,APAC,Free,Azure,2024-03-07
A0642,Company_642,E-commerce,US-West,Standard,AWS,2024-10-11
A0643,Company_643,Fintech,EMEA,Pro,AWS,2024-03-11
A0644,Company_644,SaaS,EMEA,Standard,GCP,2024-04-04
A0645,Company_645,Fintech,US-West,Pro,Azure,2024-07-16
A0646,Company_646,Fintech,LATAM,Free,Azure,2024-12-31
A0647,Company_647,Fintech,APAC,Standard,AWS,2024-03-25
A0648,Company_648,Telecom,EMEA,Standard,AWS,2024-02-27
A0649,Company_649,Fintech,LATAM,Free,GCP,2024-10-30
A0650,Company_650,Healthcare,US-West,Standard,AWS,2024-07-19
A0651,Company_651,E-commerce,LATAM,Standard,GCP,2024-12-30
A0652,Company_652,IoT,US-East,Standard,Azure,2024-02-28
A0653,Company_653,Gaming,EMEA,Standard,Azure,2024-09-15
A0654,Company_654,Fintech,US-West,Pro,Azure,2024-04-03
A0655,Company_655,SaaS,APAC,Pro,Azure,2024-03-03
A0656,Company_656,Fintech,US-West,Free,GCP,2024-09-30
A0657,Company_657,SaaS,APAC,Standard,Azure,2024-08-25
A0658,Company_658,Healthcare,US-West,Enterprise,GCP,2024-10-28
A0659,Company_659,SaaS,LATAM,Pro,AWS,2024-05-03
A0660,Company_660,Gaming,LATAM,Pro,AWS,2024-06-28
A0661,Company_661,E-commerce,LATAM,Standard,AWS,2024-06-11
A0662,Company_662,SaaS,US-East,Pro,GCP,2025-01-28
A0663,Company_663,SaaS,APAC,Pro,GCP,2024-04-26
A0664,Company_664,E-commerce,LATAM,Pro,Azure,2024-04-27
A0665,Company_665,Gaming,US-East,Enterprise,AWS,2024-05-21
A0666,Company_666,Fintech,APAC,Standard,AWS,2024-08-13
A0667,Company_667,SaaS,US-West,Free,Multi-cloud,2024-04-10
A0668,Company_668,E-commerce,US-East,Pro,AWS,2025-01-01
A0669,Company_669,Healthcare,EMEA,Pro,GCP,2024-04-16
A0670,Company_670,E-commerce,US-East,Standard,GCP,2024-12-24
A0671,Company_671,Healthcare,US-East,Standard,GCP,2024-02-11
A0672,Company_672,Gaming,APAC,Free,AWS,2024-09-19
A0673,Company_673,Fintech,US-West,Standard,AWS,2024-12-28
A0674,Company_674,E-commerce,EMEA,Pro,AWS,2024-03-08
A0675,Company_675,IoT,LATAM,Pro,GCP,2025-01-22
A0676,Company_676,IoT,LATAM,Standard,GCP,2024-06-30
A0677,Company_677,Telecom,US-East,Standard,AWS,2025-01-13
A0678,Company_678,SaaS,APAC,Free,GCP,2024-09-27
A0679,Company_679,Gaming,APAC,Standard,Azure,2024-04-30
A0680,Company_680,E-commerce,LATAM,Pro,AWS,2024-03-16
A0681,Company_681,IoT,EMEA,Enterprise,GCP,2024-05-01
A0682,Company_682,SaaS,US-West,Pro,Azure,2024-02-07
A0683,Company_683,IoT,EMEA,Free,AWS,2024-02-27
A0684,Company_684,E-commerce,US-West,Enterprise,AWS,2024-02-11
A0685,Company_685,Healthcare,LATAM,Pro,GCP,2024-06-18
A0686,Company_686,E-commerce,US-West,Pro,Azure,2024-11-14
A0687,Company_687,Telecom,APAC,Standard,Azure,2024-02-26
A0688,Company_688,E-commerce,US-East,Standard,GCP,2024-02-22
A0689,Company_689,E-commerce,US-East,Standard,Azure,2024-09-14
A0690,Company_690,Telecom,LATAM,Free,AWS,2024-03-19
A0691,Company_691,Gaming,APAC,Standard,GCP,2024-02-09
A0692,Company_692,E-commerce,EMEA,Standard,GCP,2024-03-07
A0693,Company_693,Telecom,APAC,Standard,AWS,2025-01-04
A0694,Company_694,SaaS,US-East,Pro,Azure,2024-11-24
A0695,Company_695,Healthcare,US-East,Standard,GCP,2024-05-21
A0696,Company_696,Healthcare,APAC,Free,AWS,2024-09-19
A0697,Company_697,E-commerce,APAC,Enterprise,Multi-cloud,2024-08-02
A0698,Company_698,Gaming,US-East,Enterprise,AWS,2024-09-27
A0699,Company_699,Gaming,EMEA,Pro,AWS,2024-09-30
A0700,Company_700,SaaS,LATAM,Enterprise,AWS,2024-09-08
A0701,Company_701,E-commerce,LATAM,Pro,Azure,2024-04-16
A0702,Company_702,Healthcare,APAC,Enterprise,Azure,2024-01-16
A0703,Company_703,Gaming,LATAM,Free,AWS,2024-07-01
A0704,Company_704,E-commerce,US-East,Standard,Azure,2024-12-22
A0705,Company_705,IoT,US-East,Standard,AWS,2024-08-15
A0706,Company_706,Gaming,APAC,Standard,Azure,2024-11-28
A0707,Company_707,Telecom,APAC,Standard,GCP,2025-01-31
A0708,Company_708,IoT,APAC,Pro,GCP,2024-03-06
A0709,Company_709,Gaming,EMEA,Pro,Multi-cloud,2024-10-03
A0710,Company_710,Healthcare,LATAM,Pro,AWS,2024-09-26
A0711,Company_711,Fintech,APAC,Standard,AWS,2025-01-26
A0712,Company_712,IoT,US-West,Pro,GCP,2025-01-29
A0713,Company_713,SaaS,US-West,Pro,Multi-cloud,2024-10-01
A0714,Company_714,SaaS,US-East,Standard,AWS,2024-04-07
A0715,Company_715,Healthcare,LATAM,Pro,AWS,2024-11-15
A0716,Company_716,Gaming,APAC,Standard,AWS,2024-02-12
A0717,Company_717,E-commerce,US-West,Standard,GCP,2024-11-08
A0718,Company_718,Gaming,LATAM,Enterprise,AWS,2024-12-30
A0719,Company_719,Healthcare,US-East,Standard,Azure,2024-06-02
A0720,Company_720,SaaS,EMEA,Standard,Multi-cloud,2024-09-09
A0721,Company_721,Gaming,LATAM,Enterprise,GCP,2024-06-21
A0722,Company_722,SaaS,LATAM,Pro,AWS,2024-06-24
A0723,Company_723,IoT,EMEA,Free,GCP,2024-05-04
A0724,Company_724,E-commerce,LATAM,Standard,AWS,2024-10-31
A0725,Company_725,IoT,US-East,Free,Azure,2025-01-09
A0726,Company_726,SaaS,US-East,Pro,GCP,2025-01-11
A0727,Company_727,SaaS,EMEA,Standard,AWS,2024-03-10
A0728,Company_728,Fintech,APAC,Standard,Azure,2024-12-15
A0729,Company_729,Fintech,US-West,Enterprise,GCP,2024-10-21
A0730,Company_730,IoT,APAC,Pro,GCP,2024-04-11
A0731,Company_731,Telecom,LATAM,Standard,AWS,2024-01-27
A0732,Company_732,IoT,US-West,Pro,Azure,2024-04-17
A0733,Company_733,Fintech,EMEA,Pro,Multi-cloud,2024-12-30
A0734,Company_734,SaaS,EMEA,Free,GCP,2024-09-10
A0735,Company_735,Healthcare,US-West,Standard,Multi-cloud,2024-10-15
A0736,Company_736,IoT,US-East,Pro,AWS,2024-04-12
A0737,Company_737,SaaS,US-West,Standard,GCP,2024-10-14
A0738,Company_738,Healthcare,LATAM,Pro,GCP,2024-01-12
A0739,Company_739,Healthcare,US-East,Standard,GCP,2024-05-30
A0740,Company_740,Fintech,EMEA,Free,GCP,2024-09-07
A0741,Company_741,IoT,US-West,Standard,AWS,2024-02-28
A0742,Company_742,Gaming,APAC,Standard,AWS,2024-11-25
A0743,Company_743,E-commerce,APAC,Standard,AWS,2024-04-04
A0744,Company_744,Fintech,LATAM,Free,AWS,2024-09-17
A0745,Company_745,Fintech,APAC,Pro,Azure,2024-06-11
A0746,Company_746,Gaming,US-West,Enterprise,AWS,2024-08-26
A0747,Company_747,E-commerce,US-West,Pro,AWS,2024-02-12
A0748,Company_748,SaaS,APAC,Enterprise,GCP,2024-01-07
A0749,Company_749,Telecom,US-West,Standard,GCP,2024-12-29
A0750,Company_750,IoT,LATAM,Enterprise,Azure,2024-04-17
A0751,Company_751,Telecom,US-East,Standard,GCP,2024-11-23
A0752,Company_752,SaaS,LATAM,Enterprise,AWS,2025-02-03
A0753,Company_753,Fintech,LATAM,Enterprise,Azure,2024-03-25
A0754,Company_754,E-commerce,US-West,Pro,GCP,2024-04-16
A0755,Company_755,Fintech,US-East,Enterprise,AWS,2024-09-22
A0756,Company_756,Healthcare,US-West,Pro,GCP,2025-01-21
A0757,Company_757,Fintech,EMEA,Standard,Multi-cloud,2025-01-01
A0758,Company_758,Fintech,US-West,Standard,AWS,2024-07-20
A0759,Company_759,SaaS,US-West,Pro,AWS,2024-11-14
A0760,Company_760,SaaS,US-West,Free,AWS,2024-02-24
A0761,Company_761,SaaS,US-East,Pro,AWS,2025-01-25
A0762,Company_762,Telecom,US-West,Enterprise,GCP,2025-01-20
A0763,Company_763,Healthcare,US-East,Standard,GCP,2024-03-06
A0764,Company_764,SaaS,APAC,Pro,AWS,2024-04-29
A0765,Company_765,E-commerce,EMEA,Enterprise,Multi-cloud,2024-02-10
A0766,Company_766,Telecom,US-East,Enterprise,Azure,2024-04-18
A0767,Company_767,Gaming,APAC,Enterprise,GCP,2024-11-22
A0768,Company_768,E-commerce,US-East,Pro,Azure,2024-05-31
A0769,Company_769,IoT,US-East,Enterprise,AWS,2024-02-05
A0770,Company_770,IoT,EMEA,Pro,GCP,2024-05-16
A0771,Company_771,E-commerce,LATAM,Standard,GCP,2025-01-27
A0772,Company_772,SaaS,LATAM,Standard,Azure,2024-09-08
A0773,Company_773,Gaming,US-East,Pro,Azure,2024-06-15
A0774,Company_774,Gaming,US-West,Standard,AWS,2024-03-07
A0775,Company_775,Telecom,APAC,Pro,Multi-cloud,2025-01-29
A0776,Company_776,Gaming,US-West,Pro,AWS,2024-11-24
A0777,Company_777,IoT,US-West,Standard,Azure,2024-04-22
A0778,Company_778,Healthcare,US-East,Pro,Multi-cloud,2024-01-29
A0779,Company_779,SaaS,US-East,Pro,AWS,2024-01-23
A0780,Company_780,Gaming,US-East,Standard,Azure,2024-02-18
A0781,Company_781,Telecom,US-East,Free,AWS,2024-08-20
A0782,Company_782,IoT,LATAM,Free,GCP,2025-01-06
A0783,Company_783,Healthcare,US-East,Standard,GCP,2024-07-17
A0784,Company_784,Fintech,LATAM,Enterprise,GCP,2024-12-03
A0785,Company_785,Fintech,LATAM,Standard,Multi-cloud,2024-06-27
A0786,Company_786,Healthcare,US-East,Pro,Azure,2024-10-10
A0787,Company_787,IoT,EMEA,Standard,GCP,2024-10-19
A0788,Company_788,Telecom,APAC,Standard,Azure,2024-03-10
A0789,Company_789,Healthcare,US-West,Pro,Multi-cloud,2024-05-24
A0790,Company_790,SaaS,LATAM,Pro,AWS,2024-09-11
A0791,Company_791,SaaS,APAC,Free,Multi-cloud,2024-01-29
A0792,Company_792,Fintech,EMEA,Standard,AWS,2024-05-24
A0793,Company_793,Gaming,US-West,Free,Azure,2024-08-01
A0794,Company_794,Telecom,US-West,Standard,AWS,2025-02-02
A0795,Company_795,Fintech,LATAM,Pro,AWS,2024-07-08
A0796,Company_796,Gaming,US-East,Standard,GCP,2024-11-22
A0797,Company_797,Gaming,EMEA,Standard,GCP,2024-06-21
A0798,Company_798,SaaS,LATAM,Standard,AWS,2024-11-14
A0799,Company_799,IoT,EMEA,Enterprise,AWS,2024-08-26
A0800,Company_800,E-commerce,US-East,Enterprise,GCP,2024-12-20
A0801,Company_801,IoT,US-East,Free,Multi-cloud,2024-06-13
A0802,Company_802,E-commerce,LATAM,Pro,AWS,2024-08-29
A0803,Company_803,Healthcare,US-East,Standard,AWS,2024-09-09
A0804,Company_804,SaaS,APAC,Standard,GCP,2024-06-15
A0805,Company_805,Gaming,US-West,Pro,AWS,2024-02-27
A0806,Company_806,Telecom,LATAM,Enterprise,Azure,2024-02-07
A0807,Company_807,E-commerce,EMEA,Enterprise,Azure,2024-01-07
A0808,Company_808,IoT,APAC,Pro,GCP,2024-12-15
A0809,Company_809,Gaming,LATAM,Standard,AWS,2024-04-04
A0810,Company_810,E-commerce,US-East,Pro,Azure,2024-03-25
A0811,Company_811,E-commerce,US-East,Standard,GCP,2024-10-21
A0812,Company_812,E-commerce,US-East,Pro,Azure,2024-05-08
A0813,Company_813,Telecom,US-East,Standard,GCP,2024-07-21
A0814,Company_814,SaaS,EMEA,Pro,Azure,2024-03-06
A0815,Company_815,Telecom,APAC,Standard,GCP,2025-01-18
A0816,Company_816,Fintech,US-West,Standard,GCP,2024-12-06
A0817,Company_817,Gaming,EMEA,Enterprise,Multi-cloud,2024-12-11
A0818,Company_818,SaaS,EMEA,Standard,GCP,2024-06-11
A0819,Company_819,SaaS,US-West,Pro,GCP,2024-10-31
A0820,Company_820,SaaS,US-West,Standard,AWS,2024-02-27
A0821,Company_821,IoT,US-East,Free,GCP,2024-01-04
A0822,Company_822,SaaS,EMEA,Free,GCP,2024-01-08
A0823,Company_823,Telecom,LATAM,Standard,AWS,2024-08-22
A0824,Company_824,SaaS,US-West,Enterprise,AWS,2024-07-01
A0825,Company_825,Healthcare,US-West,Standard,GCP,2024-07-26
A0826,Company_826,Gaming,APAC,Enterprise,Azure,2024-01-03
A0827,Company_827,SaaS,LATAM,Pro,GCP,2024-06-18
A0828,Company_828,Gaming,LATAM,Standard,AWS,2024-10-14
A0829,Company_829,Healthcare,US-West,Pro,Azure,2024-06-26
A0830,Company_830,Healthcare,US-East,Pro,AWS,2024-10-19
A0831,Company_831,Gaming,APAC,Pro,GCP,2024-04-03
A0832,Company_832,E-commerce,LATAM,Standard,AWS,2024-11-21
A0833,Company_833,Fintech,US-West,Standard,AWS,2024-08-23
A0834,Company_834,IoT,LATAM,Enterprise,AWS,2024-03-25
A0835,Company_835,E-commerce,APAC,Enterprise,AWS,2024-04-04
A0836,Company_836,E-commerce,APAC,Enterprise,AWS,2024-09-08
A0837,Company_837,Telecom,EMEA,Standard,AWS,2024-11-27
A0838,Company_838,IoT,US-West,Pro,GCP,2024-06-15
A0839,Company_839,IoT,APAC,Standard,GCP,2024-04-13
A0840,Company_840,E-commerce,EMEA,Standard,AWS,2024-12-12
A0841,Company_841,SaaS,EMEA,Standard,Azure,2024-09-24
A0842,Company_842,Telecom,LATAM,Pro,AWS,2024-06-28
A0843,Company_843,Telecom,LATAM,Standard,GCP,2024-07-14
A0844,Company_844,Healthcare,EMEA,Standard,AWS,2024-03-22
A0845,Company_845,IoT,LATAM,Enterprise,AWS,2024-09-07
A0846,Company_846,E-commerce,APAC,Standard,GCP,2024-05-23
A0847,Company_847,Healthcare,US-East,Free,GCP,2025-02-02
A0848,Company_848,Gaming,APAC,Free,Azure,2024-07-11
A0849,Company_849,Fintech,EMEA,Enterprise,GCP,2024-07-13
A0850,Company_850,Telecom,EMEA,Pro,Multi-cloud,2024-08-14
A0851,Company_851,Gaming,APAC,Standard,AWS,2025-01-01
A0852,Company_852,Gaming,LATAM,Pro,AWS,2024-11-16
A0853,Company_853,SaaS,LATAM,Pro,AWS,2024-06-29
A0854,Company_854,Fintech,EMEA,Standard,AWS,2024-10-14
A0855,Company_855,Gaming,US-West,Pro,GCP,2024-08-22
A0856,Company_856,Gaming,LATAM,Pro,GCP,2024-07-15
A0857,Company_857,Fintech,APAC,Pro,AWS,2024-03-17
A0858,Company_858,Fintech,LATAM,Standard,Multi-cloud,2024-07-04
A0859,Company_859,Gaming,APAC,Enterprise,Azure,2024-04-08
A0860,Company_860,Fintech,EMEA,Pro,AWS,2024-12-31
A0861,Company_861,Gaming,LATAM,Standard,AWS,2024-05-14
A0862,Company_862,Gaming,APAC,Standard,AWS,2025-01-15
A0863,Company_863,SaaS,EMEA,Free,AWS,2024-08-01
A0864,Company_864,E-commerce,US-West,Standard,AWS,2024-09-09
A0865,Company_865,Gaming,APAC,Pro,GCP,2024-08-05
A0866,Company_866,Healthcare,US-West,Free,AWS,2024-02-21
A0867,Company_867,Telecom,US-West,Standard,AWS,2024-05-30
A0868,Company_868,IoT,US-East,Pro,Multi-cloud,2024-02-09
A0869,Company_869,E-commerce,LATAM,Free,Azure,2024-09-06
A0870,Company_870,E-commerce,APAC,Enterprise,Multi-cloud,2024-06-27
A0871,Company_871,E-commerce,US-West,Standard,AWS,2024-11-07
A0872,Company_872,SaaS,US-East,Standard,AWS,2024-03-29
A0873,Company_873,Gaming,EMEA,Standard,GCP,2024-03-06
A0874,Company_874,SaaS,APAC,Standard,AWS,2024-06-11
A0875,Company_875,Gaming,US-West,Free,AWS,2025-01-05
A0876,Company_876,SaaS,LATAM,Pro,Azure,2024-10-11
A0877,Company_877,SaaS,US-East,Enterprise,GCP,2024-06-16
A0878,Company_878,Telecom,US-West,Standard,GCP,2024-07-25
A0879,Company_879,Healthcare,LATAM,Pro,GCP,2024-02-03
A0880,Company_880,SaaS,US-West,Pro,GCP,2025-01-28
A0881,Company_881,Telecom,APAC,Pro,AWS,2024-09-23
A0882,Company_882,Fintech,APAC,Standard,AWS,2024-04-24
A0883,Company_883,Healthcare,APAC,Standard,AWS,2024-08-22
A0884,Company_884,SaaS,US-East,Standard,AWS,2024-02-13
A0885,Company_885,IoT,APAC,Pro,Multi-cloud,2025-01-21
A0886,Company_886,E-commerce,LATAM,Pro,GCP,2024-03-10
A0887,Company_887,Fintech,US-West,Standard,Azure,2024-09-16
A0888,Company_888,Fintech,EMEA,Standard,AWS,2024-04-08
A0889,Company_889,Telecom,LATAM,Enterprise,AWS,2024-10-14
A0890,Company_890,Fintech,LATAM,Pro,AWS,2024-11-06
A0891,Company_891,Healthcare,APAC,Enterprise,AWS,2024-09-26
A0892,Company_892,SaaS,US-East,Pro,AWS,2024-09-02
A0893,Company_893,SaaS,US-West,Standard,Azure,2024-12-22
A0894,Company_894,IoT,US-East,Pro,Azure,2024-02-01
A0895,Company_895,E-commerce,US-West,Pro,GCP,2024-05-12
A0896,Company_896,Telecom,US-West,Free,GCP,2024-04-09
A0897,Company_897,E-commerce,US-East,Pro,Multi-cloud,2025-01-30
A0898,Company_898,Fintech,LATAM,Pro,AWS,2024-06-04
A0899,Company_899,IoT,US-West,Standard,AWS,2024-10-20
A0900,Company_900,E-commerce,US-East,Pro,AWS,2024-09-30
A0901,Company_901,Healthcare,US-West,Pro,Azure,2024-03-25
A0902,Company_902,SaaS,EMEA,Enterprise,Multi-cloud,2024-04-05
A0903,Company_903,Fintech,LATAM,Free,AWS,2024-04-22
A0904,Company_904,IoT,APAC,Standard,Azure,2024-06-13
A0905,Company_905,E-commerce,US-West,Pro,Azure,2024-04-03
A0906,Company_906,Telecom,EMEA,Standard,AWS,2024-01-08
A0907,Company_907,Healthcare,APAC,Pro,AWS,2024-12-17
A0908,Company_908,Healthcare,APAC,Pro,GCP,2025-01-21
A0909,Company_909,E-commerce,US-West,Standard,Multi-cloud,2024-05-16
A0910,Company_910,SaaS,US-East,Pro,AWS,2024-05-15
A0911,Company_911,E-commerce,US-West,Pro,Azure,2024-01-03
A0912,Company_912,Fintech,EMEA,Standard,AWS,2024-09-29
A0913,Company_913,E-commerce,APAC,Enterprise,Azure,2024-11-26
A0914,Company_914,Healthcare,US-West,Pro,GCP,2024-02-28
A0915,Company_915,IoT,US-East,Pro,GCP,2024-03-04
A0916,Company_916,E-commerce,US-West,Pro,Azure,2024-11-12
A0917,Company_917,SaaS,LATAM,Standard,Azure,2024-09-03
A0918,Company_918,IoT,US-East,Enterprise,Azure,2024-01-18
A0919,Company_919,Telecom,EMEA,Pro,AWS,2024-09-06
A0920,Company_920,Gaming,APAC,Pro,Azure,2024-05-03
A0921,Company_921,E-commerce,US-West,Enterprise,AWS,2024-05-27
A0922,Company_922,SaaS,US-East,Standard,GCP,2024-11-03
A0923,Company_923,IoT,LATAM,Pro,GCP,2024-11-20
A0924,Company_924,SaaS,US-East,Standard,GCP,2024-06-09
A0925,Company_925,Telecom,LATAM,Standard,GCP,2025-01-13
A0926,Company_926,Healthcare,EMEA,Standard,Multi-cloud,2024-06-11
A0927,Company_927,SaaS,APAC,Enterprise,AWS,2024-11-04
A0928,Company_928,IoT,EMEA,Enterprise,Azure,2024-07-12
A0929,Company_929,SaaS,US-West,Pro,AWS,2024-12-25
A0930,Company_930,SaaS,US-East,Pro,AWS,2024-12-29
A0931,Company_931,SaaS,LATAM,Pro,AWS,2024-02-04
A0932,Company_932,Fintech,LATAM,Enterprise,Multi-cloud,2025-01-09
A0933,Company_933,Fintech,US-East,Standard,Azure,2024-11-26
A0934,Company_934,Healthcare,US-East,Standard,Multi-cloud,2024-11-12
A0935,Company_935,E-commerce,US-West,Standard,Multi-cloud,2024-03-21
A0936,Company_936,SaaS,EMEA,Pro,AWS,2024-11-18
A0937,Company_937,Telecom,LATAM,Pro,AWS,2024-12-06
A0938,Company_938,E-commerce,US-West,Standard,Azure,2024-04-25
A0939,Company_939,Telecom,EMEA,Free,GCP,2025-01-15
A0940,Company_940,E-commerce,US-West,Pro,GCP,2024-01-20
A0941,Company_941,Healthcare,LATAM,Free,AWS,2024-02-29
A0942,Company_942,SaaS,US-East,Pro,GCP,2024-08-03
A0943,Company_943,SaaS,US-East,Enterprise,GCP,2024-08-18
A0944,Company_944,Gaming,EMEA,Standard,AWS,2024-09-15
A0945,Company_945,Telecom,APAC,Standard,GCP,2024-01-07
A0946,Company_946,E-commerce,EMEA,Pro,GCP,2025-01-19
A0947,Company_947,E-commerce,APAC,Pro,GCP,2024-01-18
A0948,Company_948,Fintech,US-West,Pro,AWS,2024-02-27
A0949,Company_949,Gaming,US-West,Enterprise,Azure,2024-01-06
A0950,Company_950,IoT,LATAM,Free,AWS,2024-08-14
A0951,Company_951,IoT,APAC,Pro,AWS,2025-01-07
A0952,Company_952,Fintech,LATAM,Pro,Azure,2024-09-23
A0953,Company_953,Fintech,US-East,Enterprise,GCP,2024-11-25
A0954,Company_954,Fintech,APAC,Standard,AWS,2024-01-06
A0955,Company_955,Telecom,EMEA,Pro,Azure,2024-08-04
A0956,Company_956,Telecom,US-East,Pro,GCP,2024-07-02
A0957,Company_957,Healthcare,US-East,Standard,Azure,2024-07-18
A0958,Company_958,Healthcare,EMEA,Standard,Azure,2024-01-29
A0959,Company_959,Fintech,US-East,Enterprise,GCP,2024-09-30
A0960,Company_960,Gaming,APAC,Standard,GCP,2024-07-20
A0961,Company_961,E-commerce,LATAM,Standard,AWS,2024-11-02
A0962,Company_962,Telecom,US-East,Standard,AWS,2024-07-13
A0963,Company_963,Gaming,APAC,Enterprise,GCP,2024-02-29
A0964,Company_964,SaaS,US-West,Pro,GCP,2024-09-16
A0965,Company_965,Telecom,APAC,Pro,GCP,2024-03-09
A0966,Company_966,Telecom,LATAM,Standard,AWS,2024-12-14
A0967,Company_967,Healthcare,APAC,Pro,AWS,2024-09-02
A0968,Company_968,E-commerce,EMEA,Pro,GCP,2024-03-03
A0969,Company_969,E-commerce,LATAM,Pro,AWS,2025-01-19
A0970,Company_970,IoT,US-West,Enterprise,Azure,2024-07-26
A0971,Company_971,IoT,EMEA,Free,AWS,2024-01-30
A0972,Company_972,IoT,APAC,Pro,GCP,2024-09-07
A0973,Company_973,IoT,LATAM,Free,Multi-cloud,2024-04-11
A0974,Company_974,SaaS,US-West,Pro,AWS,2024-11-17
A0975,Company_975,SaaS,EMEA,Standard,GCP,2024-11-23
A0976,Company_976,Telecom,US-West,Standard,AWS,2025-01-26
A0977,Company_977,Fintech,APAC,Standard,GCP,2024-07-19
A0978,Company_978,Healthcare,US-West,Pro,GCP,2024-06-30
A0979,Company_979,Healthcare,US-East,Standard,GCP,2024-10-28
A0980,Company_980,IoT,EMEA,Pro,GCP,2024-02-22
A0981,Company_981,Telecom,US-West,Standard,Azure,2024-08-06
A0982,Company_982,Gaming,APAC,Free,AWS,2024-08-06
A0983,Company_983,Fintech,APAC,Pro,AWS,2024-02-05
A0984,Company_984,Telecom,US-West,Standard,Azure,2024-06-16
A0985,Company_985,Fintech,APAC,Standard,GCP,2024-12-07
A0986,Company_986,Fintech,LATAM,Pro,Azure,2024-12-08
A0987,Company_987,Fintech,LATAM,Standard,GCP,2024-02-09
A0988,Company_988,Telecom,LATAM,Free,Azure,2024-02-06
A0989,Company_989,IoT,US-East,Standard,GCP,2024-04-15
A0990,Company_990,Healthcare,US-West,Enterprise,Azure,2024-12-15
A0991,Company_991,Healthcare,US-East,Pro,Multi-cloud,2024-02-21
A0992,Company_992,IoT,APAC,Pro,GCP,2024-10-14
A0993,Company_993,Fintech,US-East,Pro,AWS,2024-02-10
A0994,Company_994,Gaming,APAC,Standard,AWS,2024-09-06
A0995,Company_995,E-commerce,APAC,Standard,AWS,2024-05-22
A0996,Company_996,Telecom,EMEA,Pro,AWS,2024-11-11
A0997,Company_997,E-commerce,LATAM,Standard,AWS,2024-04-03
A0998,Company_998,IoT,APAC,Standard,GCP,2024-09-12
A0999,Company_999,Gaming,EMEA,Standard,GCP,2024-04-04
A1000,Company_1000,Telecom,LATAM,Standard,GCP,2024-10-12
A1001,Company_1001,IoT,APAC,Enterprise,GCP,2024-12-15
A1002,Company_1002,Fintech,APAC,Free,AWS,2024-02-20
A1003,Company_1003,Healthcare,US-East,Pro,AWS,2024-12-12
A1004,Company_1004,E-commerce,US-East,Standard,AWS,2024-08-25
A1005,Company_1005,SaaS,LATAM,Enterprise,GCP,2024-02-20
A1006,Company_1006,SaaS,APAC,Standard,AWS,2024-06-20
A1007,Company_1007,Gaming,US-West,Standard,AWS,2024-03-05
A1008,Company_1008,Fintech,US-East,Pro,GCP,2024-10-07
A1009,Company_1009,E-commerce,LATAM,Pro,Azure,2024-10-30
A1010,Company_1010,Fintech,APAC,Standard,AWS,2024-02-12
A1011,Company_1011,E-commerce,APAC,Standard,GCP,2024-07-21
A1012,Company_1012,Gaming,US-West,Standard,Azure,2024-11-21
A1013,Company_1013,Gaming,LATAM,Standard,Azure,2025-01-09
A1014,Company_1014,SaaS,APAC,Standard,Multi-cloud,2024-07-24
A1015,Company_1015,Fintech,US-East,Standard,AWS,2025-01-15
A1016,Company_1016,Telecom,US-West,Standard,AWS,2024-08-02
A1017,Company_1017,SaaS,LATAM,Standard,Azure,2024-06-06
A1018,Company_1018,Fintech,US-West,Pro,GCP,2024-12-05
A1019,Company_1019,SaaS,US-East,Enterprise,GCP,2024-07-16
A1020,Company_1020,Telecom,LATAM,Pro,Azure,2024-07-07
A1021,Company_1021,Healthcare,US-West,Free,Azure,2024-07-15
A1022,Company_1022,Healthcare,EMEA,Free,Multi-cloud,2024-12-04
A1023,Company_1023,Healthcare,US-East,Enterprise,Multi-cloud,2024-11-28
A1024,Company_1024,Healthcare,US-East,Standard,Azure,2024-06-10
A1025,Company_1025,IoT,US-East,Free,AWS,2024-05-13
A1026,Company_1026,E-commerce,EMEA,Pro,Azure,2024-07-15
A1027,Company_1027,IoT,EMEA,Pro,AWS,2024-08-17
A1028,Company_1028,IoT,APAC,Pro,AWS,2024-04-05
A1029,Company_1029,IoT,US-West,Standard,Azure,2024-11-13
A1030,Company_1030,Healthcare,APAC,Free,AWS,2024-07-13
A1031,Company_1031,Telecom,US-West,Enterprise,AWS,2024-05-13
A1032,Company_1032,Gaming,EMEA,Standard,AWS,2024-02-12
A1033,Company_1033,Gaming,EMEA,Pro,Azure,2024-04-05
A1034,Company_1034,E-commerce,APAC,Pro,GCP,2025-01-14
A1035,Company_1035,Healthcare,LATAM,Pro,Azure,2024-05-02
A1036,Company_1036,Healthcare,APAC,Standard,AWS,2024-03-08
A1037,Company_1037,Healthcare,US-West,Standard,Azure,2024-07-03
A1038,Company_1038,SaaS,APAC,Pro,Azure,2024-05-02
A1039,Company_1039,Fintech,US-East,Enterprise,AWS,2024-01-15
A1040,Company_1040,SaaS,US-West,Enterprise,GCP,2024-05-09
A1041,Company_1041,Fintech,US-West,Standard,AWS,2024-08-05
A1042,Company_1042,Healthcare,LATAM,Standard,Multi-cloud,2024-08-08
A1043,Company_1043,Healthcare,EMEA,Enterprise,GCP,2024-05-22
A1044,Company_1044,SaaS,US-West,Pro,Multi-cloud,2024-06-27
A1045,Company_1045,SaaS,EMEA,Enterprise,AWS,2025-01-21
A1046,Company_1046,Fintech,APAC,Standard,Azure,2024-05-30
A1047,Company_1047,Gaming,US-East,Pro,Azure,2024-04-13
A1048,Company_1048,Fintech,LATAM,Pro,Azure,2024-04-07
A1049,Company_1049,SaaS,EMEA,Pro,Multi-cloud,2024-07-02
A1050,Company_1050,Telecom,US-West,Standard,AWS,2024-10-30
A1051,Company_1051,SaaS,EMEA,Free,AWS,2024-03-23
A1052,Company_1052,Telecom,US-West,Pro,Azure,2024-10-10
A1053,Company_1053,E-commerce,EMEA,Standard,Azure,2024-01-09
A1054,Company_1054,SaaS,US-West,Standard,GCP,2024-06-16
A1055,Company_1055,E-commerce,APAC,Enterprise,AWS,2024-11-06
A1056,Company_1056,Gaming,US-West,Standard,GCP,2024-05-15
A1057,Company_1057,Fintech,US-West,Pro,AWS,2024-08-13
A1058,Company_1058,Telecom,US-East,Standard,GCP,2024-03-22
A1059,Company_1059,Fintech,US-West,Pro,GCP,2024-10-23
A1060,Company_1060,E-commerce,US-East,Enterprise,Azure,2024-01-21
A1061,Company_1061,Telecom,LATAM,Standard,AWS,2024-12-07
A1062,Company_1062,Fintech,US-East,Free,GCP,2024-03-20
A1063,Company_1063,SaaS,APAC,Standard,AWS,2024-12-15
A1064,Company_1064,Healthcare,US-East,Free,AWS,2024-05-21
A1065,Company_1065,E-commerce,LATAM,Pro,Azure,2024-10-16
A1066,Company_1066,Fintech,APAC,Enterprise,Multi-cloud,2024-05-07
A1067,Company_1067,E-commerce,EMEA,Standard,AWS,2024-12-28
A1068,Company_1068,IoT,EMEA,Standard,Azure,2024-02-20
A1069,Company_1069,E-commerce,US-East,Standard,Azure,2024-03-12
A1070,Company_1070,Telecom,US-East,Pro,Azure,2024-07-16
A1071,Company_1071,IoT,LATAM,Free,AWS,2024-02-02
A1072,Company_1072,Telecom,LATAM,Pro,Multi-cloud,2024-03-19
A1073,Company_1073,Healthcare,US-West,Pro,AWS,2025-01-12
A1074,Company_1074,IoT,LATAM,Pro,AWS,2025-01-25
A1075,Company_1075,SaaS,US-West,Standard,AWS,2024-05-30
A1076,Company_1076,E-commerce,APAC,Pro,GCP,2025-01-04
A1077,Company_1077,Fintech,US-East,Free,AWS,2024-08-05
A1078,Company_1078,Gaming,APAC,Standard,AWS,2024-04-17
A1079,Company_1079,E-commerce,LATAM,Enterprise,AWS,2024-10-07
A1080,Company_1080,E-commerce,APAC,Pro,Azure,2024-09-20
A1081,Company_1081,Healthcare,APAC,Free,Azure,2025-01-30
A1082,Company_1082,SaaS,APAC,Standard,AWS,2024-04-16
A1083,Company_1083,Gaming,LATAM,Standard,Azure,2024-09-25
A1084,Company_1084,IoT,APAC,Standard,Azure,2024-01-21
A1085,Company_1085,IoT,US-West,Standard,Azure,2024-02-15
A1086,Company_1086,IoT,LATAM,Free,AWS,2024-01-02
A1087,Company_1087,Telecom,APAC,Standard,Azure,2025-02-03
A1088,Company_1088,Telecom,LATAM,Pro,Multi-cloud,2024-11-16
A1089,Company_1089,Fintech,EMEA,Pro,Azure,2024-11-10
A1090,Company_1090,Gaming,US-West,Pro,AWS,2024-07-22
A1091,Company_1091,IoT,APAC,Free,GCP,2024-04-30
A1092,Company_1092,Telecom,EMEA,Enterprise,GCP,2024-03-01
A1093,Company_1093,Fintech,EMEA,Pro,GCP,2024-04-23
A1094,Company_1094,SaaS,LATAM,Pro,AWS,2024-05-30
A1095,Company_1095,Fintech,EMEA,Pro,AWS,2024-10-29
A1096,Company_1096,Telecom,US-West,Enterprise,Azure,2024-08-03
A1097,Company_1097,Healthcare,US-West,Pro,Azure,2024-01-31
A1098,Company_1098,Healthcare,US-East,Standard,AWS,2024-01-08
A1099,Company_1099,IoT,US-West,Pro,Multi-cloud,2024-02-10
A1100,Company_1100,Healthcare,EMEA,Pro,AWS,2024-06-13
A1101,Company_1101,IoT,US-West,Pro,Azure,2025-01-08
A1102,Company_1102,IoT,LATAM,Pro,Azure,2024-09-11
A1103,Company_1103,Telecom,US-East,Free,Azure,2024-11-16
A1104,Company_1104,Healthcare,EMEA,Standard,Multi-cloud,2024-07-05
A1105,Company_1105,IoT,US-East,Enterprise,AWS,2024-05-24
A1106,Company_1106,Gaming,EMEA,Pro,Azure,2024-02-13
A1107,Company_1107,SaaS,LATAM,Pro,AWS,2024-12-16
A1108,Company_1108,Fintech,US-East,Standard,Azure,2024-11-09
A1109,Company_1109,Fintech,APAC,Standard,Azure,2024-03-08
A1110,Company_1110,Telecom,EMEA,Enterprise,Azure,2024-07-23
A1111,Company_1111,Healthcare,APAC,Pro,AWS,2024-07-13
A1112,Company_1112,Healthcare,US-East,Pro,Azure,2024-09-07
A1113,Company_1113,IoT,APAC,Standard,AWS,2025-01-13
A1114,Company_1114,E-commerce,APAC,Pro,AWS,2024-08-19
A1115,Company_1115,IoT,US-East,Standard,Azure,2024-08-04
A1116,Company_1116,SaaS,LATAM,Pro,GCP,2024-01-21
A1117,Company_1117,Gaming,APAC,Standard,Azure,2024-01-26
A1118,Company_1118,Fintech,APAC,Standard,AWS,2024-03-15
A1119,Company_1119,IoT,LATAM,Pro,AWS,2024-01-13
A1120,Company_1120,E-commerce,APAC,Enterprise,Azure,2024-10-24
A1121,Company_1121,E-commerce,APAC,Free,GCP,2024-10-16
A1122,Company_1122,IoT,APAC,Pro,AWS,2024-02-24
A1123,Company_1123,Telecom,US-West,Standard,Azure,2024-11-30
A1124,Company_1124,Fintech,LATAM,Standard,GCP,2024-03-02
A1125,Company_1125,Telecom,APAC,Free,GCP,2024-04-30
A1126,Company_1126,Gaming,LATAM,Standard,GCP,2024-04-09
A1127,Company_1127,E-commerce,EMEA,Pro,Azure,2024-05-28
A1128,Company_1128,E-commerce,EMEA,Free,Azure,2024-04-11
A1129,Company_1129,SaaS,APAC,Standard,Azure,2024-07-14
A1130,Company_1130,Gaming,LATAM,Enterprise,AWS,2024-06-11
A1131,Company_1131,E-commerce,LATAM,Standard,Azure,2025-01-29
A1132,Company_1132,Gaming,LATAM,Pro,Azure,2024-01-23
A1133,Company_1133,Fintech,US-West,Standard,Azure,2024-02-26
A1134,Company_1134,Healthcare,EMEA,Pro,AWS,2024-01-22
A1135,Company_1135,E-commerce,LATAM,Standard,Azure,2024-09-07
A1136,Company_1136,SaaS,LATAM,Standard,Azure,2024-01-22
A1137,Company_1137,Fintech,US-West,Standard,AWS,2024-11-30
A1138,Company_1138,IoT,US-West,Free,GCP,2024-07-23
A1139,Company_1139,Gaming,LATAM,Standard,Azure,2024-07-29
A1140,Company_1140,IoT,US-East,Pro,AWS,2024-08-12
A1141,Company_1141,Telecom,LATAM,Enterprise,Multi-cloud,2024-03-09
A1142,Company_1142,Fintech,LATAM,Pro,Azure,2024-03-20
A1143,Company_1143,IoT,US-West,Pro,GCP,2024-05-07
A1144,Company_1144,E-commerce,US-West,Standard,AWS,2024-08-25
A1145,Company_1145,Gaming,LATAM,Standard,AWS,2024-03-25
A1146,Company_1146,Healthcare,LATAM,Standard,Multi-cloud,2024-02-16
A1147,Company_1147,Fintech,LATAM,Standard,AWS,2025-01-23
A1148,Company_1148,E-commerce,US-West,Pro,Azure,2024-01-09
A1149,Company_1149,SaaS,LATAM,Pro,AWS,2024-11-17
A1150,Company_1150,Telecom,LATAM,Standard,AWS,2024-11-11
A1151,Company_1151,Gaming,APAC,Standard,AWS,2024-04-28
A1152,Company_1152,Fintech,US-East,Pro,GCP,2024-02-24
A1153,Company_1153,Fintech,EMEA,Pro,Multi-cloud,2024-02-28
A1154,Company_1154,Healthcare,US-East,Standard,AWS,2024-10-05
A1155,Company_1155,Healthcare,APAC,Enterprise,AWS,2024-09-14
A1156,Company_1156,SaaS,EMEA,Enterprise,AWS,2024-11-09
A1157,Company_1157,Telecom,LATAM,Standard,GCP,2025-01-09
A1158,Company_1158,SaaS,APAC,Standard,GCP,2024-10-03
A1159,Company_1159,E-commerce,LATAM,Pro,Azure,2024-03-03
A1160,Company_1160,E-commerce,US-West,Enterprise,GCP,2024-04-07
A1161,Company_1161,SaaS,APAC,Enterprise,GCP,2024-12-02
A1162,Company_1162,Telecom,US-West,Standard,AWS,2024-03-24
A1163,Company_1163,SaaS,APAC,Standard,Multi-cloud,2024-01-30
A1164,Company_1164,Telecom,APAC,Pro,AWS,2024-10-08
A1165,Company_1165,Telecom,US-West,Pro,AWS,2024-06-10
A1166,Company_1166,IoT,EMEA,Standard,Azure,2025-01-03
A1167,Company_1167,Gaming,US-East,Enterprise,GCP,2024-09-17
A1168,Company_1168,Telecom,LATAM,Pro,GCP,2024-02-06
A1169,Company_1169,Healthcare,APAC,Pro,GCP,2025-01-14
A1170,Company_1170,Telecom,LATAM,Enterprise,Azure,2024-04-13
A1171,Company_1171,Telecom,US-West,Pro,AWS,2024-05-14
A1172,Company_1172,Telecom,LATAM,Standard,Azure,2024-06-09
A1173,Company_1173,IoT,US-West,Pro,GCP,2024-01-21
A1174,Company_1174,IoT,LATAM,Standard,GCP,2024-07-17
A1175,Company_1175,E-commerce,US-East,Pro,GCP,2024-02-19
A1176,Company_1176,IoT,US-East,Standard,AWS,2024-06-09
A1177,Company_1177,Healthcare,US-East,Pro,Azure,2024-05-20
A1178,Company_1178,Healthcare,US-East,Standard,GCP,2024-11-05
A1179,Company_1179,IoT,US-East,Standard,AWS,2024-11-17
A1180,Company_1180,SaaS,US-East,Standard,GCP,2024-03-02
A1181,Company_1181,Gaming,US-West,Free,Multi-cloud,2024-05-26
A1182,Company_1182,IoT,APAC,Pro,GCP,2024-05-29
A1183,Company_1183,Telecom,LATAM,Pro,Multi-cloud,2024-03-01
A1184,Company_1184,Fintech,US-East,Pro,AWS,2024-11-15
A1185,Company_1185,Gaming,US-West,Standard,AWS,2024-10-09
A1186,Company_1186,Gaming,US-West,Free,AWS,2024-03-17
A1187,Company_1187,Healthcare,US-West,Free,GCP,2024-05-26
A1188,Company_1188,Gaming,APAC,Standard,AWS,2024-02-12
A1189,Company_1189,IoT,LATAM,Enterprise,AWS,2024-09-08
A1190,Company_1190,Telecom,APAC,Standard,Multi-cloud,2024-02-18
A1191,Company_1191,Telecom,EMEA,Standard,Azure,2025-01-29
A1192,Company_1192,E-commerce,US-West,Standard,Azure,2024-11-08
A1193,Company_1193,Telecom,EMEA,Standard,AWS,2024-06-05
A1194,Company_1194,Telecom,US-East,Pro,AWS,2024-08-19
A1195,Company_1195,Healthcare,US-East,Pro,AWS,2024-12-30
A1196,Company_1196,Telecom,APAC,Standard,Azure,2024-08-09
A1197,Company_1197,E-commerce,LATAM,Free,Multi-cloud,2024-03-10
A1198,Company_1198,Fintech,EMEA,Standard,GCP,2024-05-31
A1199,Company_1199,IoT,LATAM,Standard,AWS,2024-12-03
A1200,Company_1200,Healthcare,APAC,Standard,GCP,2024-09-14
A1201,Company_1201,Fintech,US-East,Enterprise,AWS,2024-09-17
A1202,Company_1202,Healthcare,LATAM,Pro,AWS,2024-12-12
A1203,Company_1203,SaaS,LATAM,Pro,GCP,2024-12-23
A1204,Company_1204,Gaming,US-East,Standard,Azure,2025-01-02
A1205,Company_1205,SaaS,EMEA,Standard,AWS,2024-02-07
A1206,Company_1206,Telecom,US-East,Pro,AWS,2024-08-05
A1207,Company_1207,Fintech,LATAM,Pro,Multi-cloud,2024-10-23
A1208,Company_1208,Telecom,EMEA,Pro,AWS,2024-10-29
A1209,Company_1209,Gaming,EMEA,Standard,AWS,2024-08-30
A1210,Company_1210,Healthcare,US-East,Pro,AWS,2024-03-07
A1211,Company_1211,Gaming,LATAM,Standard,AWS,2024-11-14
A1212,Company_1212,E-commerce,APAC,Enterprise,AWS,2024-10-15
A1213,Company_1213,Gaming,LATAM,Pro,Azure,2024-02-04
A1214,Company_1214,E-commerce,US-West,Pro,AWS,2024-07-04
A1215,Company_1215,Gaming,APAC,Standard,GCP,2024-03-10
A1216,Company_1216,IoT,EMEA,Pro,Azure,2024-05-14
A1217,Company_1217,E-commerce,APAC,Standard,GCP,2024-01-08
A1218,Company_1218,Fintech,EMEA,Standard,Azure,2024-06-09
A1219,Company_1219,Telecom,EMEA,Standard,Azure,2024-08-07
A1220,Company_1220,Telecom,APAC,Pro,AWS,2024-09-04
A1221,Company_1221,SaaS,EMEA,Standard,Azure,2024-09-22
A1222,Company_1222,Telecom,EMEA,Standard,GCP,2024-11-30
A1223,Company_1223,Healthcare,US-West,Enterprise,Multi-cloud,2024-03-27
A1224,Company_1224,IoT,LATAM,Standard,GCP,2024-02-18
A1225,Company_1225,Gaming,LATAM,Pro,Multi-cloud,2024-12-06
A1226,Company_1226,SaaS,US-West,Standard,Azure,2024-03-03
A1227,Company_1227,Healthcare,APAC,Free,AWS,2025-01-24
A1228,Company_1228,Healthcare,US-East,Pro,GCP,2024-12-03
A1229,Company_1229,E-commerce,US-East,Free,Multi-cloud,2024-07-19
A1230,Company_1230,Telecom,US-East,Standard,Azure,2025-01-27
A1231,Company_1231,Fintech,US-West,Pro,AWS,2024-02-08
A1232,Company_1232,Fintech,US-West,Pro,Azure,2024-05-01
A1233,Company_1233,SaaS,EMEA,Pro,AWS,2024-09-12
A1234,Company_1234,IoT,US-East,Standard,AWS,2024-05-20
A1235,Company_1235,Fintech,APAC,Free,GCP,2025-01-06
A1236,Company_1236,Gaming,APAC,Pro,AWS,2024-01-27
A1237,Company_1237,Fintech,US-East,Pro,Azure,2024-08-07
A1238,Company_1238,SaaS,US-East,Pro,AWS,2024-08-24
A1239,Company_1239,Fintech,US-East,Pro,Azure,2024-09-18
A1240,Company_1240,Gaming,US-West,Pro,AWS,2024-04-12
A1241,Company_1241,E-commerce,US-West,Standard,AWS,2024-05-25
A1242,Company_1242,IoT,US-West,Standard,AWS,2024-12-03
A1243,Company_1243,SaaS,LATAM,Pro,AWS,2024-03-18
A1244,Company_1244,E-commerce,APAC,Standard,AWS,2024-11-26
A1245,Company_1245,E-commerce,APAC,Standard,AWS,2024-08-13
A1246,Company_1246,E-commerce,EMEA,Enterprise,GCP,2024-10-31
A1247,Company_1247,Healthcare,US-West,Enterprise,AWS,2024-10-12
A1248,Company_1248,IoT,LATAM,Standard,GCP,2024-03-24
A1249,Company_1249,Telecom,LATAM,Free,AWS,2024-08-15
A1250,Company_1250,IoT,APAC,Standard,Azure,2024-12-13
A1251,Company_1251,Healthcare,US-West,Pro,Multi-cloud,2024-06-21
A1252,Company_1252,Telecom,EMEA,Enterprise,GCP,2025-01-21
A1253,Company_1253,IoT,US-West,Standard,AWS,2024-06-29
A1254,Company_1254,E-commerce,US-East,Free,AWS,2024-02-27
A1255,Company_1255,SaaS,US-West,Enterprise,Multi-cloud,2024-06-04
A1256,Company_1256,Telecom,US-East,Standard,AWS,2025-01-15
A1257,Company_1257,Gaming,US-East,Pro,AWS,2024-05-07
A1258,Company_1258,Gaming,EMEA,Enterprise,AWS,2024-12-13
A1259,Company_1259,Fintech,APAC,Free,AWS,2024-12-18
A1260,Company_1260,Telecom,US-West,Pro,AWS,2024-05-20
A1261,Company_1261,SaaS,US-East,Free,Azure,2024-02-03
A1262,Company_1262,Healthcare,US-West,Standard,AWS,2024-10-16
A1263,Company_1263,E-commerce,APAC,Pro,GCP,2024-05-04
A1264,Company_1264,Fintech,APAC,Standard,AWS,2024-11-09
A1265,Company_1265,Gaming,LATAM,Enterprise,AWS,2024-06-26
A1266,Company_1266,Healthcare,APAC,Pro,Multi-cloud,2024-07-13
A1267,Company_1267,Healthcare,EMEA,Standard,AWS,2024-11-07
A1268,Company_1268,E-commerce,US-East,Standard,Azure,2024-06-01
A1269,Company_1269,Telecom,LATAM,Standard,GCP,2024-06-26
A1270,Company_1270,Gaming,EMEA,Standard,AWS,2024-05-30
A1271,Company_1271,SaaS,US-West,Free,Multi-cloud,2024-05-26
A1272,Company_1272,Healthcare,US-East,Standard,AWS,2024-07-29
A1273,Company_1273,E-commerce,APAC,Standard,Azure,2024-11-19
A1274,Company_1274,SaaS,US-East,Pro,AWS,2024-05-24
A1275,Company_1275,Telecom,US-West,Pro,Azure,2024-07-28
A1276,Company_1276,Gaming,LATAM,Pro,AWS,2024-09-25
A1277,Company_1277,Telecom,LATAM,Free,GCP,2024-04-17
A1278,Company_1278,Healthcare,LATAM,Standard,Azure,2024-04-21
A1279,Company_1279,SaaS,APAC,Pro,Multi-cloud,2025-01-08
A1280,Company_1280,SaaS,EMEA,Standard,Multi-cloud,2024-10-16
A1281,Company_1281,SaaS,EMEA,Free,Azure,2024-08-18
A1282,Company_1282,Healthcare,US-East,Pro,Azure,2024-09-16
A1283,Company_1283,Healthcare,APAC,Pro,AWS,2024-01-12
A1284,Company_1284,Telecom,LATAM,Pro,AWS,2024-09-04
A1285,Company_1285,Fintech,LATAM,Free,AWS,2024-07-22
A1286,Company_1286,Telecom,US-West,Pro,AWS,2024-08-06
A1287,Company_1287,Gaming,US-West,Pro,AWS,2024-05-23
A1288,Company_1288,E-commerce,LATAM,Pro,GCP,2024-02-02
A1289,Company_1289,SaaS,LATAM,Pro,AWS,2024-03-18
A1290,Company_1290,Fintech,APAC,Pro,Azure,2025-01-15
A1291,Company_1291,E-commerce,EMEA,Pro,AWS,2024-06-12
A1292,Company_1292,Fintech,US-West,Standard,AWS,2024-07-05
A1293,Company_1293,IoT,EMEA,Pro,GCP,2024-01-22
A1294,Company_1294,Telecom,APAC,Pro,Azure,2024-01-16
A1295,Company_1295,Healthcare,LATAM,Pro,Azure,2024-10-13
A1296,Company_1296,SaaS,EMEA,Standard,GCP,2024-08-03
A1297,Company_1297,Telecom,LATAM,Standard,AWS,2024-07-22
A1298,Company_1298,E-commerce,LATAM,Enterprise,GCP,2024-04-07
A1299,Company_1299,IoT,US-East,Pro,AWS,2024-10-24
A1300,Company_1300,IoT,EMEA,Enterprise,AWS,2024-03-08
A1301,Company_1301,IoT,EMEA,Pro,GCP,2024-03-16
A1302,Company_1302,E-commerce,LATAM,Pro,AWS,2024-07-03
A1303,Company_1303,E-commerce,APAC,Pro,AWS,2024-04-24
A1304,Company_1304,E-commerce,US-East,Enterprise,Multi-cloud,2024-04-08
A1305,Company_1305,E-commerce,LATAM,Pro,Multi-cloud,2024-09-15
A1306,Company_1306,IoT,US-West,Pro,AWS,2024-09-17
A1307,Company_1307,IoT,US-West,Standard,AWS,2024-11-25
A1308,Company_1308,Fintech,US-East,Standard,AWS,2024-06-16
A1309,Company_1309,Telecom,APAC,Pro,AWS,2024-01-30
A1310,Company_1310,SaaS,LATAM,Standard,Multi-cloud,2024-04-19
A1311,Company_1311,Healthcare,EMEA,Standard,AWS,2025-01-27
A1312,Company_1312,IoT,US-East,Standard,Azure,2024-08-26
A1313,Company_1313,Healthcare,APAC,Standard,AWS,2024-10-10
A1314,Company_1314,Telecom,EMEA,Standard,Multi-cloud,2024-01-03
A1315,Company_1315,Telecom,US-West,Standard,AWS,2024-07-26
A1316,Company_1316,Healthcare,US-West,Enterprise,Azure,2024-01-16
A1317,Company_1317,IoT,EMEA,Pro,AWS,2024-08-15
A1318,Company_1318,Healthcare,US-East,Standard,GCP,2025-01-03
A1319,Company_1319,Fintech,US-West,Free,AWS,2025-01-22
A1320,Company_1320,Gaming,LATAM,Pro,AWS,2024-08-04
A1321,Company_1321,IoT,EMEA,Standard,Multi-cloud,2024-07-02
A1322,Company_1322,IoT,EMEA,Pro,Multi-cloud,2025-01-13
A1323,Company_1323,SaaS,US-West,Pro,Azure,2024-09-26
A1324,Company_1324,E-commerce,US-East,Pro,GCP,2024-01-26
A1325,Company_1325,Gaming,LATAM,Standard,Azure,2024-07-05
A1326,Company_1326,Telecom,US-East,Pro,AWS,2024-04-06
A1327,Company_1327,IoT,APAC,Standard,AWS,2024-07-06
A1328,Company_1328,Healthcare,APAC,Enterprise,AWS,2024-07-01
A1329,Company_1329,Gaming,US-West,Pro,GCP,2024-08-20
A1330,Company_1330,SaaS,US-West,Standard,AWS,2024-05-22
A1331,Company_1331,Telecom,US-West,Standard,AWS,2024-03-06
A1332,Company_1332,E-commerce,APAC,Standard,GCP,2024-07-20
A1333,Company_1333,E-commerce,US-East,Pro,Azure,2024-11-28
A1334,Company_1334,SaaS,US-East,Standard,AWS,2024-09-22
A1335,Company_1335,SaaS,US-West,Pro,AWS,2024-05-15
A1336,Company_1336,Healthcare,LATAM,Standard,AWS,2025-01-09
A1337,Company_1337,IoT,US-East,Pro,AWS,2024-12-30
A1338,Company_1338,E-commerce,APAC,Pro,AWS,2024-03-24
A1339,Company_1339,Telecom,EMEA,Pro,GCP,2024-01-16
A1340,Company_1340,Gaming,EMEA,Pro,GCP,2024-10-23
A1341,Company_1341,Telecom,EMEA,Standard,Azure,2024-11-27
A1342,Company_1342,Fintech,LATAM,Free,AWS,2025-01-22
A1343,Company_1343,Fintech,US-West,Pro,Azure,2024-12-21
A1344,Company_1344,SaaS,APAC,Standard,AWS,2024-08-28
A1345,Company_1345,Healthcare,LATAM,Standard,GCP,2024-07-31
A1346,Company_1346,Fintech,APAC,Free,Azure,2024-01-12
A1347,Company_1347,E-commerce,APAC,Standard,AWS,2024-04-08
A1348,Company_1348,Telecom,US-West,Free,AWS,2024-07-02
A1349,Company_1349,Telecom,EMEA,Enterprise,Azure,2024-09-08
A1350,Company_1350,SaaS,US-West,Standard,AWS,2024-08-10
A1351,Company_1351,IoT,LATAM,Pro,Azure,2024-10-24
A1352,Company_1352,IoT,LATAM,Free,AWS,2024-04-21
A1353,Company_1353,Gaming,LATAM,Pro,Azure,2024-08-13
A1354,Company_1354,SaaS,US-West,Standard,AWS,2024-02-05
A1355,Company_1355,Gaming,APAC,Enterprise,AWS,2024-06-14
A1356,Company_1356,IoT,APAC,Enterprise,GCP,2024-10-27
A1357,Company_1357,SaaS,US-East,Standard,AWS,2024-10-04
A1358,Company_1358,SaaS,LATAM,Enterprise,AWS,2025-01-31
A1359,Company_1359,SaaS,APAC,Enterprise,AWS,2024-04-21
A1360,Company_1360,IoT,US-East,Pro,AWS,2024-07-18
A1361,Company_1361,Gaming,APAC,Pro,AWS,2024-05-11
A1362,Company_1362,Gaming,LATAM,Standard,AWS,2024-06-25
A1363,Company_1363,SaaS,EMEA,Pro,Multi-cloud,2024-12-08
A1364,Company_1364,Fintech,LATAM,Free,AWS,2024-09-30
A1365,Company_1365,Healthcare,US-West,Free,GCP,2024-12-18
A1366,Company_1366,IoT,APAC,Enterprise,AWS,2024-03-22
A1367,Company_1367,Healthcare,APAC,Standard,AWS,2024-12-15
A1368,Company_1368,Healthcare,US-West,Pro,Multi-cloud,2024-01-24
A1369,Company_1369,Gaming,US-West,Pro,AWS,2024-12-21
A1370,Company_1370,Gaming,EMEA,Enterprise,Multi-cloud,2024-05-11
A1371,Company_1371,Fintech,APAC,Enterprise,AWS,2024-05-05
A1372,Company_1372,Healthcare,APAC,Standard,Azure,2024-07-23
A1373,Company_1373,Healthcare,EMEA,Free,GCP,2025-01-11
A1374,Company_1374,SaaS,US-East,Standard,Azure,2024-01-20
A1375,Company_1375,Gaming,EMEA,Standard,GCP,2024-05-20
A1376,Company_1376,Healthcare,LATAM,Free,GCP,2024-12-08
A1377,Company_1377,Telecom,APAC,Standard,AWS,2024-06-07
A1378,Company_1378,Fintech,US-West,Pro,AWS,2024-03-20
A1379,Company_1379,Telecom,LATAM,Pro,Multi-cloud,2024-06-18
A1380,Company_1380,Telecom,APAC,Standard,AWS,2024-06-03
A1381,Company_1381,IoT,EMEA,Pro,AWS,2025-01-01
A1382,Company_1382,IoT,LATAM,Standard,Azure,2024-10-31
A1383,Company_1383,Fintech,APAC,Free,AWS,2024-07-21
A1384,Company_1384,Telecom,US-East,Pro,Multi-cloud,2025-01-30
A1385,Company_1385,Healthcare,US-East,Pro,Azure,2024-07-05
A1386,Company_1386,Gaming,US-West,Pro,GCP,2024-01-24
A1387,Company_1387,Fintech,APAC,Free,Azure,2024-04-14
A1388,Company_1388,SaaS,US-East,Pro,AWS,2024-06-23
A1389,Company_1389,Telecom,EMEA,Pro,AWS,2024-03-03
A1390,Company_1390,Fintech,APAC,Pro,GCP,2025-01-14
A1391,Company_1391,E-commerce,EMEA,Pro,AWS,2024-11-02
A1392,Company_1392,E-commerce,EMEA,Enterprise,Azure,2024-04-17
A1393,Company_1393,IoT,US-East,Pro,Multi-cloud,2024-08-24
A1394,Company_1394,Gaming,APAC,Pro,GCP,2024-10-15
A1395,Company_1395,Healthcare,LATAM,Enterprise,AWS,2025-01-11
A1396,Company_1396,Gaming,US-East,Pro,Multi-cloud,2024-12-18
A1397,Company_1397,Gaming,US-East,Standard,GCP,2024-07-25
A1398,Company_1398,Gaming,APAC,Pro,GCP,2024-11-05
A1399,Company_1399,Gaming,APAC,Standard,AWS,2024-08-12
A1400,Company_1400,SaaS,EMEA,Standard,Multi-cloud,2024-08-09
A1401,Company_1401,SaaS,APAC,Pro,GCP,2024-02-15
A1402,Company_1402,IoT,EMEA,Enterprise,Azure,2024-02-20
A1403,Company_1403,Fintech,US-East,Enterprise,Azure,2024-07-30
A1404,Company_1404,E-commerce,US-West,Standard,AWS,2024-04-17
A1405,Company_1405,Gaming,LATAM,Pro,GCP,2024-01-09
A1406,Company_1406,IoT,US-East,Standard,Azure,2024-10-16
A1407,Company_1407,Fintech,APAC,Enterprise,AWS,2024-01-13
A1408,Company_1408,E-commerce,LATAM,Enterprise,Azure,2024-08-26
A1409,Company_1409,Telecom,US-West,Pro,Multi-cloud,2024-08-03
A1410,Company_1410,Healthcare,US-West,Pro,GCP,2025-01-22
A1411,Company_1411,SaaS,EMEA,Pro,Azure,2024-07-12
A1412,Company_1412,Telecom,LATAM,Pro,Azure,2024-01-26
A1413,Company_1413,E-commerce,EMEA,Free,Azure,2024-08-08
A1414,Company_1414,Telecom,US-East,Standard,AWS,2024-12-02
A1415,Company_1415,Healthcare,LATAM,Pro,AWS,2025-02-02
A1416,Company_1416,IoT,US-East,Pro,GCP,2024-06-21
A1417,Company_1417,E-commerce,EMEA,Standard,Azure,2024-05-08
A1418,Company_1418,Telecom,LATAM,Enterprise,GCP,2024-12-28
A1419,Company_1419,SaaS,EMEA,Standard,Azure,2024-03-17
A1420,Company_1420,SaaS,LATAM,Pro,AWS,2024-09-03
A1421,Company_1421,Fintech,EMEA,Pro,GCP,2024-06-11
A1422,Company_1422,Telecom,US-West,Pro,AWS,2024-01-17
A1423,Company_1423,Gaming,EMEA,Pro,Azure,2024-05-18
A1424,Company_1424,Telecom,US-West,Standard,GCP,2024-04-16
A1425,Company_1425,IoT,EMEA,Standard,AWS,2024-10-01
A1426,Company_1426,E-commerce,LATAM,Pro,AWS,2025-01-14
A1427,Company_1427,E-commerce,LATAM,Pro,Azure,2024-04-17
A1428,Company_1428,IoT,LATAM,Standard,GCP,2024-11-20
A1429,Company_1429,Telecom,APAC,Pro,AWS,2024-01-23
A1430,Company_1430,IoT,US-East,Standard,Multi-cloud,2024-08-03
A1431,Company_1431,Healthcare,LATAM,Pro,Azure,2024-01-29
A1432,Company_1432,IoT,US-West,Pro,Multi-cloud,2025-01-08
A1433,Company_1433,SaaS,LATAM,Standard,GCP,2024-11-02
A1434,Company_1434,IoT,APAC,Free,GCP,2024-09-20
A1435,Company_1435,E-commerce,US-West,Pro,Azure,2024-11-25
A1436,Company_1436,SaaS,APAC,Pro,GCP,2024-09-16
A1437,Company_1437,E-commerce,US-West,Pro,Azure,2025-01-22
A1438,Company_1438,Fintech,EMEA,Pro,AWS,2024-10-12
A1439,Company_1439,Gaming,US-East,Pro,GCP,2025-01-04
A1440,Company_1440,E-commerce,US-East,Enterprise,AWS,2024-07-25
A1441,Company_1441,SaaS,APAC,Pro,AWS,2024-02-16
A1442,Company_1442,Fintech,US-East,Standard,AWS,2024-07-30
A1443,Company_1443,E-commerce,APAC,Standard,AWS,2024-02-20
A1444,Company_1444,Healthcare,APAC,Standard,Multi-cloud,2024-08-24
A1445,Company_1445,IoT,APAC,Pro,AWS,2024-07-11
A1446,Company_1446,Gaming,US-East,Standard,Azure,2024-09-06
A1447,Company_1447,E-commerce,APAC,Enterprise,Azure,2024-01-05
A1448,Company_1448,Fintech,US-East,Pro,GCP,2024-03-18
A1449,Company_1449,Healthcare,APAC,Pro,AWS,2024-07-15
A1450,Company_1450,Telecom,LATAM,Standard,Azure,2025-01-15
A1451,Company_1451,Fintech,APAC,Free,GCP,2024-06-02
A1452,Company_1452,IoT,US-West,Free,Azure,2024-06-18
A1453,Company_1453,Fintech,APAC,Standard,Azure,2024-10-12
A1454,Company_1454,Healthcare,EMEA,Free,Multi-cloud,2024-08-29
A1455,Company_1455,Fintech,APAC,Pro,GCP,2024-04-29
A1456,Company_1456,Healthcare,US-West,Enterprise,AWS,2024-06-13
A1457,Company_1457,E-commerce,US-West,Enterprise,GCP,2024-03-28
A1458,Company_1458,Healthcare,US-East,Pro,AWS,2025-01-21
A1459,Company_1459,Healthcare,LATAM,Standard,Azure,2024-02-22
A1460,Company_1460,Gaming,APAC,Enterprise,AWS,2024-05-28
A1461,Company_1461,Healthcare,US-East,Enterprise,AWS,2024-01-11
A1462,Company_1462,Healthcare,LATAM,Standard,Azure,2024-03-29
A1463,Company_1463,Telecom,APAC,Pro,GCP,2024-11-08
A1464,Company_1464,E-commerce,EMEA,Standard,AWS,2024-03-21
A1465,Company_1465,IoT,APAC,Pro,GCP,2024-02-02
A1466,Company_1466,Gaming,US-West,Enterprise,Azure,2024-07-08
A1467,Company_1467,Telecom,US-West,Free,AWS,2024-01-04
A1468,Company_1468,SaaS,EMEA,Enterprise,Azure,2024-02-03
A1469,Company_1469,E-commerce,US-East,Pro,AWS,2024-11-19
A1470,Company_1470,E-commerce,LATAM,Enterprise,Azure,2024-11-04
A1471,Company_1471,SaaS,APAC,Standard,Azure,2025-01-01
A1472,Company_1472,IoT,US-West,Pro,AWS,2024-12-07
A1473,Company_1473,Healthcare,US-East,Free,GCP,2024-09-30
A1474,Company_1474,Telecom,EMEA,Standard,AWS,2024-01-21
A1475,Company_1475,Fintech,US-West,Free,Azure,2024-11-09
A1476,Company_1476,Gaming,EMEA,Enterprise,GCP,2024-12-04
A1477,Company_1477,Fintech,APAC,Pro,GCP,2024-11-15
A1478,Company_1478,SaaS,LATAM,Enterprise,AWS,2024-07-22
A1479,Company_1479,E-commerce,US-West,Enterprise,AWS,2024-04-03
A1480,Company_1480,IoT,US-West,Free,AWS,2024-12-04
A1481,Company_1481,E-commerce,APAC,Standard,AWS,2024-10-17
A1482,Company_1482,Gaming,US-East,Free,GCP,2025-01-27
A1483,Company_1483,E-commerce,LATAM,Standard,Azure,2024-03-03
A1484,Company_1484,E-commerce,US-West,Standard,Azure,2024-03-31
A1485,Company_1485,Gaming,LATAM,Standard,GCP,2024-03-25
A1486,Company_1486,Telecom,US-West,Standard,Multi-cloud,2024-11-13
A1487,Company_1487,Telecom,LATAM,Standard,Azure,2024-03-15
A1488,Company_1488,Gaming,EMEA,Standard,Multi-cloud,2024-01-27
A1489,Company_1489,IoT,US-West,Standard,GCP,2025-02-03
A1490,Company_1490,SaaS,LATAM,Enterprise,AWS,2024-01-10
A1491,Company_1491,E-commerce,US-East,Pro,AWS,2024-11-30
A1492,Company_1492,IoT,EMEA,Enterprise,Azure,2024-05-26
A1493,Company_1493,E-commerce,EMEA,Standard,AWS,2024-12-02
A1494,Company_1494,SaaS,US-East,Standard,AWS,2024-08-09
A1495,Company_1495,Telecom,LATAM,Pro,GCP,2024-12-26
A1496,Company_1496,IoT,APAC,Standard,GCP,2025-01-05
A1497,Company_1497,Healthcare,US-East,Standard,GCP,2024-01-04
A1498,Company_1498,Healthcare,LATAM,Standard,AWS,2024-01-31
A1499,Company_1499,Healthcare,US-East,Standard,AWS,2024-04-10
A1500,Company_1500,Telecom,US-East,Standard,GCP,2024-09-24
